shipment_id,order_date,vehicle_type,region,weather_condition,distance_km,delivery_time_hr,delivery_cost,customer_rating,distance_km_minmax,delivery_time_hr_minmax,delivery_cost_minmax,distance_km_zscore,delivery_time_hr_zscore,delivery_cost_zscore,cost_per_km,order_day_of_week,is_delayed
SHIP1000,2026-01-01 00:00:00,Truck,North,Clear,26.76,2.77,427.0,3.0,0.6980585831062669,0.370260663507109,0.43336976732499116,1.073720941230591,-0.6649621227582507,-0.3158856716438169,15.96,Thursday,0
SHIP1001,2026-01-01 07:00:00,Mini-Truck,North,Fog,16.71,5.46,367.01,4.0,0.4698569482288828,0.7952211690363348,0.33287895539139317,-0.15363714340430165,1.5793963729957448,-0.7977157388334342,21.96,Thursday,1
SHIP1002,2026-01-01 14:00:00,Bike,North,Clear,30.67,3.82,314.81,1.0,0.7868415077202542,0.5361374407582938,0.24543737541249983,1.5512304050039671,0.21108859119776963,-1.216977774294311,10.26,Thursday,1
SHIP1003,2026-01-01 21:00:00,Truck,Central,Clear,36.46,2.79,393.82,4.0,0.9183128973660307,0.37342022116903634,0.3777890848786371,2.2583352119727262,-0.6482754424924217,-0.5823821148735469,10.8,Thursday,0
SHIP1004,2026-01-02 04:00:00,Van,West,Fog,15.43,3.95,467.04,3.0,0.4407924613987284,0.5566745655608215,0.5004418144965408,-0.3099573770692433,0.31955201292565816,0.0057091923380513795,30.27,Friday,1
SHIP1005,2026-01-02 11:00:00,Van,Central,Clear,14.39,3.54,362.98,2.0,0.41717756584922794,0.49190363349131117,0.3261281973968541,-0.4369675669220082,-0.02252493252383569,-0.8300840530653752,25.22,Friday,0
SHIP1006,2026-01-02 18:00:00,Van,West,Rain,19.19,2.91,599.29,1.0,0.5261693914623069,0.39237756714060035,0.7219772350369364,0.14923330932152265,-0.5481553608974479,1.0679200005698706,31.23,Friday,0
SHIP1007,2026-01-03 01:00:00,Mini-Truck,Central,Clear,14.18,1.82,351.2,3.0,0.4124091734786557,0.22018167456556093,0.30639521248973983,-0.4626138552576628,-1.4575794353851264,-0.9246991254356653,24.77,Saturday,0
SHIP1008,2026-01-03 08:00:00,Bike,Central,Fog,13.01,5.23,525.45,5.0,0.38584241598546776,0.7588862559241706,0.5982859272660268,-0.6055003188420234,1.387499549938712,0.4748489527072054,40.39,Saturday,1
SHIP1009,2026-01-03 15:00:00,Bike,East,Clear,13.71,3.75,302.82,2.0,0.4017370572207084,0.5250789889415481,0.2253526140342061,-0.5200126910565084,0.1526852102673684,-1.3132795330141562,22.09,Saturday,1
SHIP1010,2026-01-03 22:00:00,Van,Central,Storm,31.73,6.11,662.53,4.0,0.8109105358764758,0.897906793048973,0.8279122066435498,1.6806830985077468,2.121713481635186,1.5758535469787953,20.88,Saturday,1
SHIP1011,2026-01-04 05:00:00,Mini-Truck,South,Rain,24.18,4.63,670.51,2.0,0.6394754768392369,0.6640995260663506,0.8412797125483691,0.758637970249693,0.8868991419638427,1.6399476282618952,27.73,Sunday,1
SHIP1012,2026-01-04 12:00:00,Bike,East,Clear,14.15,4.16,520.92,5.0,0.411727974568574,0.5898499210110584,0.5906976062448699,-0.4662776107341848,0.4947621557168622,0.43846471859536995,36.81,Sunday,1
SHIP1013,2026-01-04 19:00:00,Van,Central,Clear,-1.64,2.98,688.95,5.0,0.0531902815622162,0.403436018957346,0.8721690369700319,-2.3946342432103,-0.48975197996704667,1.7880547534323663,-420.09,Sunday,0
SHIP1014,2026-01-05 02:00:00,Van,North,Storm,18.205,2.19,492.7,2.0,0.5038033605812896,0.27863349131121645,0.5434255490225639,0.028940004509047747,-1.1488758504672907,0.21180620057418342,27.06,Monday,0
SHIP1015,2026-01-05 09:00:00,Van,South,Clear,22.03,3.24,542.22,4.0,0.590656221616712,0.4445102685624013,0.6263777911787862,0.4960688277656117,-0.27282513651127,0.6095429054788318,24.61,Monday,0
SHIP1016,2026-01-05 16:00:00,Van,South,Clear,1.03,2.15,601.43,2.0,0.1138169845594914,0.2723143759873618,0.7255620047908604,-2.0685600057998355,-1.1822492109989486,1.0851081376558145,583.91,Monday,0
SHIP1017,2026-01-05 23:00:00,Truck,South,Clear,20.34,4.28,471.57,5.0,0.5522820163487737,0.6088072669826224,0.5080301355176977,0.2896772692548684,0.5948822373118361,0.042093426449885896,23.18,Monday,1
SHIP1018,2026-01-06 06:00:00,Truck,East,Clear,9.48,5.46,765.26125,5.0,0.3056880108991825,0.7952211690363348,1.0,-1.03660221324612,1.5793963729957448,2.4009744853014054,80.72,Tuesday,1
SHIP1019,2026-01-06 13:00:00,Van,Central,Rain,18.73,3.19,544.68,3.0,0.5157243415077202,0.4366113744075829,0.6304986012697453,0.09305572534818418,-0.3145418371758426,0.629301231287907,29.08,Tuesday,0
SHIP1020,2026-01-06 20:00:00,Bike,Central,Rain,18.51,3.57,393.38,3.0,0.5107288828337875,0.4966429699842022,0.3770520294152135,0.06618818518702249,0.002505087874907589,-0.5859161243678531,21.25,Tuesday,0
SHIP1021,2026-01-07 03:00:00,Van,North,Clear,18.96,2.67,402.3,1.0,0.5209468664850135,0.3544628751974724,0.39199415381007424,0.12114451733485343,-0.7483955240873956,-0.5142721137105537,21.22,Wednesday,0
SHIP1022,2026-01-07 10:00:00,Van,North,Clear,18.205,3.14,485.75,5.0,0.5038033605812896,0.42871248025276465,0.5317834229525771,0.028940004509047747,-0.3562585378404149,0.15598491424366442,26.68,Wednesday,0
SHIP1023,2026-01-07 17:00:00,Truck,South,Rain,14.58,2.52,517.95,3.0,0.42149182561307896,0.33076619273301744,0.5857224818667606,-0.41376378223736854,-0.8735456260811129,0.4146101545088035,35.52,Wednesday,0
SHIP1024,2026-01-08 00:00:00,Truck,North,Clear,12.23,0.94,468.02,2.0,0.36813124432334243,0.08116113744075838,0.5020834380287116,-0.7007579612315971,-2.1917933670816008,0.013580395302642248,38.27,Thursday,0
SHIP1025,2026-01-08 07:00:00,Bike,East,Clear,21.87,3.46,526.29,4.0,0.5870231607629427,0.47926540284360186,0.5996930331507444,0.47652879855749397,-0.0892716535871516,0.48159569810542574,24.06,Thursday,0
SHIP1026,2026-01-08 14:00:00,Van,Central,Fog,24.44,3.65,765.26125,2.0,0.645379200726612,0.5092812006319115,1.0,0.7903905177128845,0.0692518089382235,2.4009744853014054,31.31,Thursday,1
SHIP1027,2026-01-08 21:00:00,Truck,South,Rain,8.25,4.78,444.88,3.0,0.277758855585831,0.6877962085308057,0.463321021156842,-1.1868161877835248,1.0120492439575601,-0.1722763767388269,53.92,Thursday,1
SHIP1028,2026-01-09 04:00:00,Truck,North,Rain,17.59,4.45,551.89,3.0,0.4898387829246139,0.6356635071090047,0.6425762601135736,-0.046166982759654446,0.7367190195713822,0.687210795955971,31.38,Friday,1
SHIP1029,2026-01-09 11:00:00,Van,East,Fog,19.57,4.47,662.73,1.0,0.5347979109900091,0.638823064770932,0.8282472318541969,0.19564087869080207,0.7534056998372108,1.577459914930753,33.86,Friday,1
SHIP1030,2026-01-09 18:00:00,Bike,East,Clear,19.47,2.33,705.17,2.0,0.5325272479564032,0.3007503949447078,0.8993395815535117,0.18342836043572833,-1.0320690886064878,1.9183311943361094,36.22,Friday,0
SHIP1031,2026-01-10 01:00:00,Van,North,Fog,19.33,4.05,501.96,2.0,0.529348319709355,0.572472353870458,0.5589372162755246,0.16633083487862527,0.40298541425480267,0.2861810367498102,25.97,Saturday,1
SHIP1032,2026-01-10 08:00:00,Van,Central,Clear,14.78,5.4,550.8,2.0,0.42603315168029054,0.7857424960505529,0.6407503727155468,-0.3893387457272215,1.529336332198258,0.678456090617803,37.27,Saturday,1
SHIP1033,2026-01-10 15:00:00,Mini-Truck,North,Clear,20.23,3.57,687.79,4.0,0.5497842870118074,0.4966429699842022,0.8702258907482787,0.2762434991742876,0.002505087874907589,1.7787378193110128,34.0,Saturday,0
SHIP1034,2026-01-10 22:00:00,Mini-Truck,South,Clear,22.94,5.69,369.5,3.0,0.611319255222525,0.8315560821484992,0.33705001926394956,0.6072027438867811,1.771293196052778,-0.7777164578315646,16.11,Saturday,1
SHIP1035,2026-01-11 05:00:00,Bike,North,Clear,19.13,5.92,525.56,2.0,0.5248069936421434,0.8678909952606634,0.5984701911318826,0.14190579836847825,1.9631900191098108,0.47573245508078116,27.47,Sunday,1
SHIP1036,2026-01-11 12:00:00,Van,East,Rain,22.05,3.57,542.2,2.0,0.5911103542234332,0.4966429699842022,0.6263442886577215,0.49851133141662635,0.002505087874907589,0.6093822686836362,24.59,Sunday,0
SHIP1037,2026-01-11 19:00:00,Van,North,Clear,25.92,2.66,623.74,1.0,0.6789850136239781,0.3528830963665087,0.7629340670385445,0.9711357878879732,-0.75673886422031,1.2642984826966612,24.06,Sunday,0
SHIP1038,2026-01-12 02:00:00,Bike,Central,Clear,3.19,2.59,313.54,1.0,0.16286330608537694,0.341824644549763,0.24330996532489074,-1.804769611490247,-0.8151422451507115,-1.2271782107892404,98.29,Monday,0
SHIP1039,2026-01-12 09:00:00,Truck,West,Clear,25.55,3.57,765.26125,3.0,0.6705835603996366,0.4966429699842022,1.0,0.9259494703442009,0.002505087874907589,2.4009744853014054,29.95,Monday,0
SHIP1040,2026-01-12 16:00:00,Van,North,Clear,20.74,2.88,452.57,3.0,0.561364668483197,0.3876382306477093,0.4762027405062231,0.33852734227516246,-0.5731853812961916,-0.11051152898606553,21.82,Monday,0
SHIP1041,2026-01-12 23:00:00,Truck,Central,Rain,9.11,4.95,495.33,5.0,0.297286557674841,0.7146524486571879,0.5478311305425734,-1.0817885307898922,1.1538860262171062,0.23292993914242296,54.37,Monday,1
SHIP1042,2026-01-13 06:00:00,Van,Central,Clear,24.42,0.86,584.74,1.0,0.6449250681198909,0.06852290679304908,0.6976041509623598,0.7879480140618698,-2.2585400881449167,0.9510567320649714,23.95,Tuesday,0
SHIP1043,2026-01-13 13:00:00,Mini-Truck,East,Rain,14.81,2.26,512.11,5.0,0.4267143505903723,0.2896919431279621,0.575939745715865,-0.3856749902506993,-1.0904724695368895,0.3677042103116477,34.58,Tuesday,0
SHIP1044,2026-01-13 20:00:00,Van,Central,Clear,15.9,3.35,431.83,4.0,0.4514645776566757,0.4618878357030016,0.4414606261621186,-0.2525585412703975,-0.1810483950492108,-0.27709188560404624,27.16,Tuesday,0
SHIP1045,2026-01-14 03:00:00,Bike,Central,Clear,13.94,2.45,467.04,5.0,0.40695958219800177,0.3197077409162718,0.5004418144965408,-0.49192389906983935,-0.9319490070115141,0.0057091923380513795,33.5,Wednesday,0
SHIP1046,2026-01-14 10:00:00,Van,Central,Fog,20.42,2.87,486.13,2.0,0.5540985467756585,0.3860584518167457,0.5324199708528066,0.2994472838589275,-0.5815287214291058,0.15903701335238343,23.81,Wednesday,0
SHIP1047,2026-01-14 17:00:00,Truck,Central,Clear,11.72,2.89,659.4,5.0,0.3565508628519527,0.389218009478673,0.8226690620969226,-0.7630418043324723,-0.5648420411632769,1.5507138885306624,56.26,Wednesday,0
SHIP1048,2026-01-15 00:00:00,Truck,South,Rain,25.21,3.19,469.88,3.0,0.6628633060853768,0.4366113744075829,0.5051991724877296,0.8844269082769508,-0.3145418371758426,0.028519617255846022,18.64,Thursday,0
SHIP1049,2026-01-15 07:00:00,Van,South,Clear,16.89,2.62,404.03,4.0,0.47394414168937327,0.34656398104265407,0.39489212188217154,-0.13165461054516928,-0.790112224751968,-0.5003770309261226,23.92,Thursday,0
SHIP1050,2026-01-15 14:00:00,Mini-Truck,East,Clear,15.09,2.53,503.95,2.0,0.4330722070844686,0.33234597156398105,0.5622707171214634,-0.3514799391364934,-0.8652022859481985,0.30216439787178623,33.4,Thursday,0
SHIP1051,2026-01-15 21:00:00,Bike,North,Storm,24.02,4.62,473.82,5.0,0.6358424159854676,0.662519747235387,0.5117991691374775,0.7390979410415753,0.8785558018309284,0.06016506590940646,19.73,Thursday,1
SHIP1052,2026-01-16 04:00:00,Mini-Truck,Central,Clear,15.44,4.76,261.48,4.0,0.44101952770208896,0.6846366508688783,0.15610290299345025,-0.308736125243736,0.9953625636917308,-1.6453157886837473,16.94,Friday,1
SHIP1053,2026-01-16 11:00:00,Mini-Truck,North,Clear,25.59,1.84,448.12,4.0,0.6714918256130789,0.22334123222748825,0.4687484295693251,0.9308344776462302,-1.4408927551192974,-0.1462532159171172,17.51,Friday,0
SHIP1054,2026-01-16 18:00:00,Truck,North,Rain,25.84,0.42624999999999913,437.91,2.0,0.6771684831970934,0.0,0.45164539256579056,0.9613657732839141,-2.620432466410083,-0.22825829986454146,16.95,Friday,0
SHIP1055,2026-01-17 01:00:00,Mini-Truck,East,Clear,7.32,4.78,384.74,5.0,0.256641689373297,0.6877962085308057,0.36257894031525867,-1.3003926075557088,1.0120492439575601,-0.6553112198924119,52.56,Saturday,1
SHIP1056,2026-01-17 08:00:00,Van,Central,Fog,26.87,2.03,574.27,4.0,0.7005563124432334,0.25335703001579785,0.6800655811849841,1.087154711311172,-1.2823692925939225,0.8669633697800022,21.37,Saturday,0
SHIP1057,2026-01-17 15:00:00,Van,Central,Clear,6.3,3.76,355.72,4.0,0.2334809264305177,0.5266587677725117,0.3139667822503644,-1.424960293757459,0.1610285504002827,-0.8883952097214282,56.46,Saturday,1
SHIP1058,2026-01-17 22:00:00,Van,West,Fog,27.37,1.62,504.67,1.0,0.7119096276112624,0.1885860979462876,0.5634768078797929,1.1482173025865396,-1.6244462380434161,0.307947322498833,18.44,Saturday,0
SHIP1059,2026-01-18 05:00:00,Van,North,Rain,34.23,5.06,432.26,3.0,0.867677111716621,0.7320300157977881,0.4421809303650099,1.9859960548845854,1.2456627676791652,-0.27363819450733784,12.63,Sunday,1
SHIP1060,2026-01-18 12:00:00,Truck,North,Rain,25.0,6.55,462.92,1.0,0.6580949137148046,0.9674170616113742,0.4935402951572106,0.8587806199412963,2.488820447483423,-0.027381987472270754,18.52,Sunday,1
SHIP1061,2026-01-18 19:00:00,Van,South,Fog,0.74,3.72,499.41,5.0,0.10723206176203454,0.5203396524486572,0.5546656448397742,-2.1039763087395493,0.12765518986862512,0.2656998453623539,674.88,Sunday,1
SHIP1062,2026-01-19 02:00:00,Bike,West,Clear,26.51,3.39,293.09,5.0,0.6923819255222524,0.4682069510268563,0.20905363753622452,1.0431896455929073,-0.14767503451755284,-1.3914293338768833,11.06,Monday,0
SHIP1063,2026-01-19 09:00:00,Truck,South,Storm,35.97,3.11,473.0,5.0,0.9071866485013622,0.4239731437598736,0.5104255657738244,2.1984938725228655,-0.3812885582391585,0.05357895730638124,13.15,Monday,0
SHIP1064,2026-01-19 16:00:00,Van,South,Clear,15.58,4.44,724.67,3.0,0.4441984559491371,0.634083728278041,0.9320045395916041,-0.29163859968663297,0.7283756794384679,2.074952069651954,46.51,Monday,1
SHIP1065,2026-01-19 23:00:00,Truck,South,Clear,17.72,4.18,263.19,5.0,0.4927906448683015,0.5930094786729857,0.15896736854448296,-0.030290709028058943,0.5114488359826909,-1.6315813426945118,14.85,Monday,1
SHIP1066,2026-01-20 06:00:00,Van,East,Clear,8.49,4.7,443.09,4.0,0.283208446866485,0.6751579778830963,0.46032254552155044,-1.1575061439713483,0.9453025228942442,-0.18665336990884565,52.19,Tuesday,1
SHIP1067,2026-01-20 13:00:00,Bike,East,Clear,20.5,2.75,584.79,2.0,0.5559150772025431,0.3671011058451817,0.6976879072650215,0.3092172984629861,-0.6816488030240797,0.9514583240529604,28.53,Tuesday,0
SHIP1068,2026-01-20 20:00:00,Van,South,Clear,28.15,3.91,486.19,1.0,0.7296207992733876,0.5503554502369669,0.5325204784160007,1.243474944976113,0.2861786523940002,0.15951892373797066,17.27,Tuesday,1
SHIP1069,2026-01-21 03:00:00,Mini-Truck,West,Fog,23.58,2.85,532.56,3.0,0.625851498637602,0.38289889415481837,0.6101960735045311,0.6853628607192515,-0.5982154016949348,0.5319553333992896,22.59,Wednesday,0
SHIP1070,2026-01-21 10:00:00,Bike,North,Fog,40.057500000000005,2.23,168.29125000000002,5.0,0.9999999999999999,0.28495260663507116,0.0,2.697680556198998,-1.1155024899356327,-2.3937928960985904,4.2,Wednesday,0
SHIP1071,2026-01-21 17:00:00,Van,West,Storm,18.26,3.45,521.79,5.0,0.5050522252497729,0.47768562401263825,0.5921549659111847,0.0356568895493386,-0.0976149937200659,0.4454524191863846,28.58,Wednesday,0
SHIP1072,2026-01-22 00:00:00,Van,Central,Clear,4.95,2.39,358.6,2.0,0.20282697547683926,0.3102290679304898,0.31879114528368263,-1.5898292902009523,-0.982009047809001,-0.8652635112132419,72.44,Thursday,0
SHIP1073,2026-01-22 07:00:00,Bike,East,Rain,19.37,4.91,487.19,2.0,0.5302565849227974,0.7083333333333333,0.5341956044692362,0.17121584218065503,1.1205126656854483,0.16755076349775758,25.15,Thursday,1
SHIP1074,2026-01-22 14:00:00,Bike,North,Clear,-1.33,2.47,446.47,3.0,0.060229336966394216,0.3228672985781991,0.46598447158148654,-2.3567754366195715,-0.9152623267456851,-0.15950575152076543,-335.69,Thursday,0
SHIP1075,2026-01-22 21:00:00,Bike,North,Clear,13.74,3.94,723.4,1.0,0.4024182561307902,0.5550947867298578,0.9298771295039951,-0.5163489355799864,0.3112086727927435,2.0647516331570253,52.65,Thursday,1
SHIP1076,2026-01-23 04:00:00,Bike,Central,Clear,31.0,2.78,515.6,5.0,0.7943346957311533,0.3718404423380727,0.581785935641657,1.5915317152457098,-0.6566187826253365,0.3957353310733041,16.63,Friday,0
SHIP1077,2026-01-23 11:00:00,Van,Central,Clear,20.6,3.83,436.49,3.0,0.5581857402361489,0.5377172195892574,0.44926671357019615,0.32142981671805987,0.2194319313306843,-0.23966351232343902,21.19,Friday,1
SHIP1078,2026-01-23 18:00:00,Truck,South,Rain,19.44,2.87,268.84,4.0,0.5318460490463215,0.3860584518167457,0.16843183074526352,0.17976460495920657,-0.5815287214291058,-1.586201448051716,13.83,Friday,0
SHIP1079,2026-01-24 01:00:00,Van,East,Clear,32.57,1.99,464.54,3.0,0.8299841053587647,0.2470379146919432,0.4962539993634521,1.7832682518503646,-1.3157426531255803,-0.014370407061415912,14.26,Saturday,0
SHIP1080,2026-01-24 08:00:00,Mini-Truck,East,Clear,15.84,4.08,548.79,3.0,0.45010217983651224,0.5772116903633491,0.6373833693485433,-0.25988605222344174,0.42801543465354636,0.6623120927006314,34.65,Saturday,1
SHIP1081,2026-01-24 15:00:00,Bike,West,Clear,28.09,3.22,440.33,5.0,0.7282584014532242,0.44135071090047395,0.45569919761462047,1.2361474340230691,-0.289511816777099,-0.20882124764585747,15.68,Saturday,0
SHIP1082,2026-01-24 22:00:00,Van,South,Clear,19.03,3.84,389.32,3.0,0.5225363306085377,0.5392969984202212,0.37025101763907736,0.12969328011340495,0.2277752714635986,-0.618525393792588,20.46,Saturday,1
SHIP1083,2026-01-25 05:00:00,Van,South,Clear,21.04,2.99,381.29,5.0,0.5681766575840145,0.4050157977883097,0.3567997554315962,0.37516489704038325,-0.481408639834132,-0.6830210670636767,18.12,Sunday,0
SHIP1084,2026-01-25 12:00:00,Van,South,Storm,8.26,1.91,514.22,2.0,0.27798592188919163,0.2343996840442339,0.579474261688192,-1.1855949359580173,-1.3824893741888962,0.38465139220479816,62.25,Sunday,0
SHIP1085,2026-01-25 19:00:00,Van,South,Clear,14.14,4.8,541.13,3.0,0.41150090826521346,0.6909557661927329,0.6245519037807594,-0.46749886255969214,1.0287359242233889,0.6007882001406638,38.27,Sunday,1
SHIP1086,2026-01-26 02:00:00,Bike,East,Clear,6.82,4.38,613.35,5.0,0.24528837420526794,0.624605055292259,0.7455295073454278,-1.3614551988310766,0.6783156386409807,1.1808476675924753,89.93,Monday,1
SHIP1087,2026-01-26 09:00:00,Bike,East,Clear,17.24,2.82,330.6,3.0,0.48189146230699353,0.3781595576619273,0.27188761579308846,-0.08891079665241207,-0.6232454220936785,-1.0901550244872755,19.18,Monday,0
SHIP1088,2026-01-26 16:00:00,Mini-Truck,South,Fog,21.12,3.58,513.12,3.0,0.5699931880108992,0.4982227488151658,0.577631623029633,0.3849349116444423,0.010848428007822262,0.3758163684690324,24.3,Monday,1
SHIP1089,2026-01-26 23:00:00,Truck,West,Storm,9.12,4.75,435.4,5.0,0.2975136239782016,0.6830568720379147,0.44744082617216935,-1.080567278964385,0.9870192235588165,-0.24841821766160702,47.74,Monday,1
SHIP1090,2026-01-27 06:00:00,Van,North,Rain,34.39,2.95,438.93,3.0,0.8713101725703905,0.398696682464455,0.45335402114009077,2.0055360840927032,-0.51478200036579,-0.22006582330955896,12.76,Tuesday,0
SHIP1091,2026-01-27 13:00:00,Bike,North,Rain,20.22,3.14,498.22,1.0,0.5495572207084468,0.42871248025276465,0.5526722448364239,0.27502224734878,-0.3562585378404149,0.2561419560482075,24.64,Tuesday,0
SHIP1092,2026-01-27 20:00:00,Bike,West,Clear,18.46,3.79,498.92,3.0,0.5095935513169845,0.5313981042654028,0.5538448330736887,0.06008192605948563,0.18605857079902635,0.26176424388005826,27.03,Tuesday,1
SHIP1093,2026-01-28 03:00:00,Truck,South,Clear,24.16,2.95,513.45,4.0,0.6390213442325158,0.398696682464455,0.5781844146272008,0.7561954665986784,-0.51478200036579,0.3784668755897624,21.25,Wednesday,0
SHIP1094,2026-01-28 10:00:00,Bike,East,Storm,11.37,4.53,765.26125,3.0,0.34860354223433243,0.6483017377567141,1.0,-0.8057856182252299,0.8034657406346981,2.4009744853014054,67.31,Wednesday,1
SHIP1095,2026-01-28 17:00:00,Truck,North,Rain,19.31,3.3,360.02,3.0,0.5288941871026339,0.45398894154818326,0.3211698242792769,0.16388833122761062,-0.22276509571378342,-0.8538582987543448,18.64,Wednesday,0
SHIP1096,2026-01-29 00:00:00,Truck,Central,Rain,12.27,2.56,628.3,5.0,0.36903950953678466,0.3370853080568721,0.7705726418412984,-0.6958729539295678,-0.8401722655494549,1.300923672001289,51.21,Thursday,0
SHIP1097,2026-01-29 07:00:00,Truck,Central,Rain,30.47,4.23,423.53,3.0,0.7823001816530425,0.6009083728278041,0.427557079920264,1.5268053684938196,0.5531655366472639,-0.3437561556102778,13.9,Thursday,1
SHIP1098,2026-01-29 14:00:00,Van,West,Rain,9.53,2.13,486.72,3.0,0.3068233424159854,0.2691548183254345,0.5334082952242156,-1.0304959541185834,-1.1989358912647776,0.16377579881065796,51.07,Thursday,0
SHIP1099,2026-01-29 21:00:00,Van,South,Rain,18.51,5.92,576.56,4.0,0.5107288828337875,0.8678909952606634,0.6839016198468935,0.06618818518702249,1.9631900191098108,0.885356282829914,31.15,Thursday,1
SHIP1100,2026-01-30 04:00:00,Van,North,Storm,20.63,5.4,505.61,5.0,0.5588669391462306,0.7857424960505529,0.5650514263698343,0.3250935721945816,1.529336332198258,0.31549725187303274,24.51,Friday,1
SHIP1101,2026-01-30 11:00:00,Bike,South,Fog,21.16,4.12,515.58,3.0,0.5709014532243414,0.5835308056872037,0.5817524331205923,0.3898199189464716,0.46138879518520426,0.3955746942781085,24.37,Friday,1
SHIP1102,2026-01-30 18:00:00,Van,North,Rain,13.35,4.02,557.35,2.0,0.39356267029972747,0.567733017377567,0.6517224483642394,-0.5639777567747734,0.37795539385605903,0.7310646410444078,41.75,Friday,1
SHIP1103,2026-01-31 01:00:00,Truck,West,Rain,10.84,3.96,196.0,1.0,0.3365690281562216,0.5582543443917851,0.04641564902758932,-0.8705119649771197,0.3278953530585725,-2.1712406561545947,18.08,Saturday,1
SHIP1104,2026-01-31 08:00:00,Mini-Truck,West,Clear,13.47,3.57,391.21,4.0,0.3962874659400545,0.4966429699842022,0.37341700587969234,-0.549322734868685,0.002505087874907589,-0.6033452166465909,29.04,Saturday,0
SHIP1105,2026-01-31 15:00:00,Van,Central,Rain,22.23,3.86,506.23,3.0,0.5951975476839236,0.5424565560821485,0.5660900045228403,0.5204938642757587,0.24446195172942758,0.3204769925241006,22.77,Saturday,1
SHIP1106,2026-01-31 22:00:00,Truck,South,Clear,16.85,2.39,616.52,2.0,0.4730358764759309,0.3102290679304898,0.7508396569341842,-0.1365396178471986,-0.982009047809001,1.2063085996309995,36.59,Saturday,0
SHIP1107,2026-02-01 05:00:00,Bike,Central,Clear,24.37,4.1,457.93,3.0,0.643789736603088,0.5803712480252764,0.48518141615156535,0.7818417549343329,0.44470211491937495,-0.06746086787360754,18.79,Sunday,1
SHIP1108,2026-02-01 12:00:00,Van,South,Storm,21.82,4.54,348.63,3.0,0.5858878292461398,0.6498815165876777,0.3020901385329246,0.4704225394299571,0.8118090807676125,-0.9453409536183176,15.98,Sunday,1
SHIP1109,2026-02-01 19:00:00,Van,Central,Clear,-0.22,3.05,351.83,5.0,0.08543369663941873,0.41449447077409163,0.3074505419032782,-2.221216483988255,-0.43134859903664546,-0.9196390663869997,-1599.23,Sunday,0
SHIP1110,2026-02-02 02:00:00,Van,East,Clear,19.98,2.79,556.06,5.0,0.5441076294277929,0.37342022116903634,0.6495615357555655,0.24571220353660367,-0.6482754424924217,0.7207035677542821,27.83,Monday,0
SHIP1111,2026-02-02 09:00:00,Van,East,Clear,36.0,2.05,423.87,5.0,0.907867847411444,0.25651658767772517,0.42812662277836405,2.2021576279993877,-1.2656826123280935,-0.34102533009194996,11.77,Monday,0
SHIP1112,2026-02-02 16:00:00,Mini-Truck,East,Clear,28.6,5.25,449.14,3.0,0.7398387829246139,0.7620458135860978,0.4704570581436252,1.2984312771239446,1.4041862302045407,-0.1380607393621347,15.7,Monday,1
SHIP1113,2026-02-02 23:00:00,Bike,East,Rain,21.38,2.88,523.8,3.0,0.5758969118982742,0.3876382306477093,0.5955219692781881,0.41668745910763333,-0.5731853812961916,0.46159641710355626,24.5,Monday,0
SHIP1114,2026-02-03 06:00:00,Bike,North,Clear,18.205,3.26,168.29125000000002,1.0,0.5038033605812896,0.4476698262243286,0.0,0.028940004509047747,-0.2561384562454414,-2.3937928960985904,9.24,Tuesday,0
SHIP1115,2026-02-03 13:00:00,Mini-Truck,East,Clear,21.82,3.86,690.04,4.0,0.5858878292461398,0.5424565560821485,0.8739949243680585,0.4704225394299571,0.24446195172942758,1.7968094587705334,31.62,Tuesday,1
SHIP1116,2026-02-03 20:00:00,Bike,West,Clear,23.92,3.84,362.27,5.0,0.6335717529518619,0.5392969984202212,0.3249388578990568,0.726885422786502,0.2277752714635986,-0.8357866592948242,15.15,Tuesday,1
SHIP1117,2026-02-04 03:00:00,Van,West,Rain,15.97,4.4,479.03,5.0,0.4530540417801998,0.6277646129541864,0.5205265758748345,-0.244009778491846,0.69500231890681,0.10201095105789613,30.0,Wednesday,1
SHIP1118,2026-02-04 10:00:00,Mini-Truck,North,Rain,20.53,3.04,245.44,3.0,0.5565962761126249,0.41291469194312796,0.1292338810995527,0.3128810539395083,-0.43969193916955973,-1.7741464984307296,11.96,Wednesday,0
SHIP1119,2026-02-04 17:00:00,Truck,East,Clear,30.08,2.13,399.3,3.0,0.7734445958219799,0.2691548183254345,0.38696877565036764,1.4791765472990328,-1.1989358912647776,-0.5383676329899144,13.27,Wednesday,0
SHIP1120,2026-02-05 00:00:00,Bike,East,Clear,11.14,1.92,599.36,2.0,0.34338101725703907,0.23597946287519755,0.722094493860663,-0.8338744102118989,-1.3741460340559817,1.0684822293530563,53.8,Thursday,0
SHIP1121,2026-02-05 07:00:00,Mini-Truck,East,Clear,9.53,2.8,220.06,2.0,0.3068233424159854,0.375,0.08671918186843558,-1.0304959541185834,-0.6399321023595075,-1.9779945915341215,23.09,Thursday,0
SHIP1122,2026-02-05 14:00:00,Van,Central,Rain,23.54,2.36,585.14,5.0,0.6249432334241597,0.3054897314375988,0.698274201383654,0.6804778534172222,-1.0070390682077446,0.954269467968886,24.86,Thursday,0
SHIP1123,2026-02-05 21:00:00,Van,South,Rain,21.66,3.14,417.16,3.0,0.5822547683923704,0.42871248025276465,0.41688652696115386,0.4508825102218394,-0.3562585378404149,-0.39491897488012,19.26,Thursday,0
SHIP1124,2026-02-06 04:00:00,Van,Central,Clear,26.23,5.07,508.46,1.0,0.6860240690281562,0.733609794628752,0.5698255356215554,1.008994594478701,1.25400610781208,0.33838799518842516,19.38,Friday,1
SHIP1125,2026-02-06 11:00:00,Truck,South,Clear,22.56,3.05,528.9,4.0,0.6026907356948228,0.41449447077409163,0.6040651121496892,0.5607951745175013,-0.43134859903664546,0.5025587998784697,23.44,Friday,0
SHIP1126,2026-02-06 18:00:00,Bike,East,Clear,13.46,3.05,502.97,3.0,0.3960603996366939,0.41449447077409163,0.5606290935892926,-0.5505439866941922,-0.43134859903664546,0.29429319490719535,37.37,Friday,0
SHIP1127,2026-02-07 01:00:00,Mini-Truck,East,Fog,21.46,3.48,346.21,3.0,0.5777134423251589,0.4824249605055292,0.2980363334840946,0.4264574737116924,-0.07258497332132262,-0.9647780058370021,16.13,Saturday,0
SHIP1128,2026-02-07 08:00:00,Van,Central,Clear,18.205,3.01,406.25,2.0,0.5038033605812896,0.4081753554502369,0.39861090172035446,0.028940004509047747,-0.4647219595683034,-0.48254634665939544,22.32,Saturday,0
SHIP1129,2026-02-07 15:00:00,Truck,Central,Clear,16.0,3.42,274.61,4.0,0.4537352406902815,0.4729462875197472,0.17809730807243246,-0.240346023015324,-0.12264501411880956,-1.5398577326377452,17.16,Saturday,0
SHIP1130,2026-02-07 22:00:00,Truck,South,Clear,22.02,4.15,509.02,5.0,0.5904291553133514,0.5882701421800948,0.5707636062113675,0.49484757594010415,0.48641881558394795,0.34288582545390583,23.12,Saturday,1
SHIP1131,2026-02-08 05:00:00,Van,West,Clear,15.12,4.56,654.25,3.0,0.43375340599455037,0.6530410742496049,0.8140421629227599,-0.3478161836599714,0.828495761033441,1.50934991376776,43.27,Sunday,1
SHIP1132,2026-02-08 12:00:00,Van,South,Fog,37.74,4.7,231.07,5.0,0.9473773841961851,0.6751579778830963,0.10516231971455847,2.414655445637668,0.9453025228942442,-1.8895640357788677,6.12,Sunday,1
SHIP1133,2026-02-08 19:00:00,Van,Central,Clear,2.86,5.97,358.6,3.0,0.15537011807447776,0.8757898894154816,0.31879114528368263,-1.8450709217319896,2.004906719774383,-0.8652635112132419,125.38,Sunday,1
SHIP1134,2026-02-09 02:00:00,Mini-Truck,Central,Rain,13.62,4.18,428.19,5.0,0.39969346049046317,0.5930094786729857,0.4353631673283414,-0.5310039574860748,0.5114488359826909,-0.3063277823296705,31.44,Monday,1
SHIP1135,2026-02-09 09:00:00,Van,North,Rain,10.5,6.18,470.8,4.0,0.3288487738419618,0.9089652448657186,0.5067402884567063,-0.9120345270443697,2.180116862565587,0.035908909834850115,44.84,Monday,1
SHIP1136,2026-02-09 16:00:00,Truck,Central,Clear,12.4,2.57,555.5,2.0,0.37199137148047223,0.3386650868878357,0.6486234651657536,-0.6799966801979721,-0.8318289254165405,0.7162057374888019,44.8,Monday,0
SHIP1137,2026-02-09 23:00:00,Bike,North,Clear,12.86,6.01,431.74,4.0,0.38243642143505896,0.8821090047393363,0.44130986481732754,-0.6238190962246338,2.038280080306041,-0.2778147511824269,33.57,Monday,1
SHIP1138,2026-02-10 06:00:00,Truck,West,Fog,7.39,3.04,412.08,1.0,0.258231153496821,0.41291469194312796,0.4083768866107174,-1.2918438447771574,-0.43969193916955973,-0.4357207208598379,55.76,Tuesday,0
SHIP1139,2026-02-10 13:00:00,Mini-Truck,South,Clear,24.02,3.16,582.38,2.0,0.6358424159854676,0.431872037914692,0.6936508534767241,0.7390979410415753,-0.3395718575745859,0.9321015902318742,24.25,Tuesday,0
SHIP1140,2026-02-10 20:00:00,Mini-Truck,South,Clear,13.62,3.36,529.44,4.0,0.39969346049046317,0.46346761453396523,0.6049696802184366,-0.5310039574860748,-0.17270505491629648,0.5068959933487552,38.87,Tuesday,0
SHIP1141,2026-02-11 03:00:00,Van,North,Storm,19.31,3.24,514.68,3.0,0.5288941871026339,0.4445102685624013,0.5802448196726802,0.16388833122761062,-0.27282513651127,0.38834603849429955,26.65,Wednesday,0
SHIP1142,2026-02-11 10:00:00,Truck,South,Clear,14.52,3.6,463.5,3.0,0.4201294277929155,0.5013823064770933,0.4945118682680872,-0.4210912931904127,0.02753510827365124,-0.02272352041159447,31.92,Wednesday,1
SHIP1143,2026-02-11 17:00:00,Van,Central,Clear,12.47,2.8,567.98,3.0,0.37358083560399635,0.375,0.6695290383101329,-0.6714479174194206,-0.6399321023595075,0.8164430976909427,45.55,Wednesday,0
SHIP1144,2026-02-12 00:00:00,Van,East,Clear,31.38,4.5,371.24,5.0,0.8029632152588554,0.643562401263823,0.33996473859657944,1.6379392846149892,0.7784357202359545,-0.7637410566495354,11.83,Thursday,1
SHIP1145,2026-02-12 07:00:00,Van,North,Fog,25.38,2.84,354.88,2.0,0.6667234332425067,0.38131911532385465,0.31255967636564647,0.9051881893105757,-0.6065587418278495,-0.8951419551196494,13.98,Thursday,0
SHIP1146,2026-02-12 14:00:00,Bike,South,Clear,3.05,4.29,539.53,3.0,0.15968437783832878,0.610387045813586,0.6218717020955826,-1.8218671370473498,0.6032255774447504,0.5879372565250046,176.9,Thursday,1
SHIP1147,2026-02-12 21:00:00,Truck,North,Clear,2.21,5.33,255.0,2.0,0.14061080835603998,0.7746840442338072,0.14524808616848417,-1.9244522903899677,1.4709329512678564,-1.6973621103271666,115.38,Thursday,1
SHIP1148,2026-02-13 04:00:00,Van,North,Clear,26.34,3.07,461.06,3.0,0.6885217983651225,0.41765402843601895,0.49042456069819257,1.022428364559282,-0.4146619187708165,-0.04232120942547453,17.5,Friday,0
SHIP1149,2026-02-13 11:00:00,Van,East,Clear,13.84,4.45,412.01,5.0,0.404688919164396,0.6356635071090047,0.40825962778699093,-0.5041364173249129,0.7367190195713822,-0.4362829496430229,29.77,Friday,1
SHIP1150,2026-02-13 18:00:00,Mini-Truck,Central,Clear,4.81,4.17,281.31,4.0,0.1996480472297911,0.5914296998420221,0.18932065262911035,-1.6069268157580554,0.5031054958497766,-1.486044406247173,58.48,Friday,1
SHIP1151,2026-02-14 01:00:00,Van,North,Clear,26.37,6.2,338.25,5.0,0.6892029972752043,0.912124802527646,0.28470233010034,1.0260921200358042,2.1968035428314163,-1.0287114503249057,12.83,Saturday,1
SHIP1152,2026-02-14 08:00:00,Van,South,Clear,19.35,2.89,436.92,1.0,0.5298024523160763,0.389218009478673,0.4499870177730874,0.16877333852964038,-0.5648420411632769,-0.2362098212267306,22.58,Saturday,0
SHIP1153,2026-02-14 15:00:00,Truck,West,Clear,20.01,4.45,574.08,3.0,0.5447888283378747,0.6356635071090047,0.6797473072348694,0.24937595901312587,0.7367190195713822,0.8654373202256431,28.69,Saturday,1
SHIP1154,2026-02-14 22:00:00,Mini-Truck,North,Clear,24.48,1.55,371.65,1.0,0.6462874659400544,0.17752764612954197,0.3406515402784059,0.7952755250149138,-1.6828496189738174,-0.760448002348023,15.18,Saturday,0
SHIP1155,2026-02-15 05:00:00,Van,North,Clear,7.52,2.9,595.61,1.0,0.2611830154405086,0.39079778830963663,0.7158127711610298,-1.2759675710455618,-0.5564987010303626,1.0383628302538552,79.2,Sunday,0
SHIP1156,2026-02-15 12:00:00,Bike,East,Clear,4.95,3.92,457.58,2.0,0.20282697547683926,0.5519352290679305,0.4845951220329329,-1.5898292902009523,0.2945219925269145,-0.07027201178953314,92.44,Sunday,1
SHIP1157,2026-02-15 19:00:00,Bike,Central,Clear,30.65,5.17,607.25,3.0,0.786387375113533,0.7494075829383885,0.735311238420691,1.5487879013529522,1.3374395091412248,1.1318534450577749,19.81,Sunday,1
SHIP1158,2026-02-16 02:00:00,Van,West,Rain,6.5,3.57,377.46,1.0,0.23802225249772932,0.4966429699842022,0.35038402264770413,-1.400535257247312,0.002505087874907589,-0.713783013343661,58.07,Monday,0
SHIP1159,2026-02-16 09:00:00,Bike,South,Clear,8.22,3.57,444.14,4.0,0.27707765667574935,0.4966429699842022,0.4620814278774477,-1.1904799432600468,0.002505087874907589,-0.1782199381610693,54.03,Monday,0
SHIP1160,2026-02-16 16:00:00,Truck,West,Clear,9.82,3.42,494.22,1.0,0.31340826521344234,0.4729462875197472,0.5459717406234819,-0.9950796511788699,-0.12264501411880956,0.22401459700905985,50.33,Monday,0
SHIP1161,2026-02-16 23:00:00,Bike,South,Clear,34.64,1.67,428.46,4.0,0.8769868301544049,0.19648499210110593,0.435815451362715,2.036067379730387,-1.5827295373788437,-0.3041591855945282,12.37,Monday,0
SHIP1162,2026-02-17 06:00:00,Bike,Central,Fog,21.95,3.72,564.36,3.0,0.5888396911898274,0.5203396524486572,0.6634650819974204,0.48629881316155266,0.12765518986862512,0.7873678377605141,25.71,Tuesday,1
SHIP1163,2026-02-17 13:00:00,Truck,South,Rain,25.72,5.55,185.09,1.0,0.6744436875567664,0.8094391785150078,0.028140023786789925,0.9467107513778257,1.654486434191975,-2.2588680279338695,7.2,Tuesday,1
SHIP1164,2026-02-17 20:00:00,Van,East,Clear,19.57,2.16,740.69,5.0,0.5347979109900091,0.2738941548183255,0.958840058964437,0.19564087869080207,-1.173905870866034,2.2036221426037415,37.85,Tuesday,0
SHIP1165,2026-02-18 03:00:00,Bike,East,Clear,13.18,3.37,552.93,2.0,0.38970254314259756,0.46504739336492895,0.6443183912089383,-0.5847390378083984,-0.16436171478338182,0.6955639093061491,41.95,Wednesday,0
SHIP1166,2026-02-18 10:00:00,Van,East,Fog,23.05,2.32,429.18,4.0,0.6138169845594913,0.2991706161137441,0.43702154212104455,0.620636513967362,-1.0404124287394025,-0.2983762609674814,18.62,Wednesday,0
SHIP1167,2026-02-18 17:00:00,Van,East,Clear,18.205,2.94,383.72,2.0,0.5038033605812896,0.39711690363349134,0.36087031174095857,0.028940004509047747,-0.5231253404987046,-0.6635036964473945,21.08,Wednesday,0
SHIP1168,2026-02-19 00:00:00,Van,West,Clear,9.24,5.22,346.03,1.0,0.3002384196185286,0.7573064770932068,0.2977348107945122,-1.0659122570582966,1.379156209805797,-0.9662237369937638,37.45,Thursday,1
SHIP1169,2026-02-19 07:00:00,Truck,Central,Clear,18.205,3.17,527.47,3.0,0.5038033605812896,0.4334518167456556,0.6016696818935625,0.028940004509047747,-0.3312285174416716,0.49107326902197485,28.97,Thursday,0
SHIP1170,2026-02-19 14:00:00,Bike,South,Clear,7.14,5.18,569.4,3.0,0.25255449591280654,0.7509873617693521,0.6719077173057273,-1.3223751404148412,1.345782849274139,0.8278483101498398,79.75,Thursday,1
SHIP1171,2026-02-19 21:00:00,Van,South,Storm,16.49,4.83,430.5,4.0,0.46486148955495,0.695695102685624,0.4392327085113154,-0.18050468356546376,1.0537659446221324,-0.28777423248456274,26.11,Thursday,1
SHIP1172,2026-02-20 04:00:00,Truck,East,Rain,16.85,3.06,582.84,4.0,0.4730358764759309,0.4160742496050553,0.6944214114612124,-0.1365396178471986,-0.4230052589037308,0.9357962365213764,34.59,Friday,0
SHIP1173,2026-02-20 11:00:00,Van,East,Clear,13.77,2.9,341.13,3.0,0.40309945504087186,0.39079778830963663,0.28952669313365825,-0.5126851801034644,-0.5564987010303626,-1.0055797518167195,24.77,Friday,0
SHIP1174,2026-02-20 18:00:00,Bike,North,Clear,2.39,2.42,319.94,4.0,0.14469800181653045,0.31496840442338075,0.25403077206559793,-1.9024697575308351,-0.9569790274102576,-1.1757744363266043,133.87,Friday,0
SHIP1175,2026-02-21 01:00:00,Van,Central,Storm,12.97,2.38,667.6,2.0,0.3849341507720254,0.3086492890995261,0.8364050957334539,-0.6103853261440527,-0.9903523879419156,1.6165749745609155,51.47,Saturday,0
SHIP1176,2026-02-21 08:00:00,Bike,West,Fog,11.4,3.92,520.93,5.0,0.3492847411444141,0.5519352290679305,0.5907143575054021,-0.8021218627487077,0.2945219925269145,0.43854503699296776,45.7,Saturday,1
SHIP1177,2026-02-21 15:00:00,Truck,South,Rain,19.29,3.48,617.62,5.0,0.5284400544959127,0.4824249605055292,0.7526822955927432,0.16144582757659595,-0.07258497332132262,1.2151436233667652,32.02,Saturday,0
SHIP1178,2026-02-21 22:00:00,Mini-Truck,North,Fog,18.205,2.75,347.53,2.0,0.5038033605812896,0.3671011058451817,0.30024749987436544,0.028940004509047747,-0.6816488030240797,-0.9541759773540834,19.09,Saturday,0
SHIP1179,2026-02-22 05:00:00,Van,North,Storm,21.02,1.64,467.04,5.0,0.5677225249772933,0.19174565560821494,0.5004418144965408,0.3727223933893686,-1.6077595577775872,0.0057091923380513795,22.22,Sunday,0
SHIP1180,2026-02-22 12:00:00,Van,South,Rain,12.59,3.63,406.97,1.0,0.37630563124432326,0.5061216429699842,0.399816992478684,-0.6567928955133324,0.052565128672394525,-0.47676342203234867,32.32,Sunday,1
SHIP1181,2026-02-22 19:00:00,Van,West,Clear,22.18,2.94,351.11,3.0,0.5940622161671207,0.39711690363349134,0.30624445114494864,0.5143876051482219,-0.5231253404987046,-0.925421991014046,15.83,Sunday,0
SHIP1182,2026-02-23 02:00:00,Mini-Truck,North,Clear,5.55,3.27,534.64,4.0,0.2164509536784741,0.4492496050552922,0.6136803356952609,-1.5165541806705107,-0.2477951161125267,0.5486615600996467,96.33,Monday,0
SHIP1183,2026-02-23 09:00:00,Mini-Truck,North,Fog,3.42,3.57,359.86,2.0,0.1680858310626703,0.4966429699842022,0.32090180411075936,-1.7766808195035777,0.002505087874907589,-0.8551433931159105,105.22,Monday,0
SHIP1184,2026-02-23 16:00:00,Van,Central,Clear,-0.68,0.5,309.4,3.0,0.074988646684832,0.01165086887835716,0.23637494346449567,-2.2773940679615934,-2.558900332929838,-1.2604300273947586,-455.0,Monday,0
SHIP1185,2026-02-23 23:00:00,Bike,West,Fog,14.01,1.66,467.04,4.0,0.4085490463215259,0.19490521327014226,0.5004418144965408,-0.48337513629128787,-1.5910728775117582,0.0057091923380513795,33.34,Monday,0
SHIP1186,2026-02-24 06:00:00,Bike,North,Clear,11.97,6.26,295.2,3.0,0.3622275204359673,0.9216034755134279,0.21258815350855148,-0.7325105086947883,2.246863583628903,-1.3744821519837327,24.66,Tuesday,1
SHIP1187,2026-02-24 13:00:00,Truck,West,Clear,24.31,2.89,234.06,4.0,0.6424273387829245,0.389218009478673,0.11017094661373267,0.7745142439812885,-0.5648420411632769,-1.8655488348971048,9.63,Tuesday,0
SHIP1188,2026-02-24 20:00:00,Truck,South,Clear,12.81,0.48,465.99,5.0,0.38130108991825606,0.008491311216429834,0.4986829321406436,-0.6299253553521704,-2.575587013195667,-0.0027242394097249743,36.38,Tuesday,0
SHIP1189,2026-02-25 03:00:00,Van,East,Clear,20.19,1.76,240.09,2.0,0.548876021798365,0.2107030015797789,0.12027195671474278,0.27135849187225825,-1.5076394761826133,-1.8171168411455896,11.89,Wednesday,0
SHIP1190,2026-02-25 10:00:00,Van,North,Storm,24.51,6.48,543.03,1.0,0.6469686648501362,0.9563586097946286,0.6277346432819069,0.798939280491436,2.430417066553022,0.6160486956842588,22.16,Wednesday,1
SHIP1191,2026-02-25 17:00:00,Mini-Truck,Central,Fog,12.51,2.66,282.56,4.0,0.3744891008174387,0.3528830963665087,0.19141456019565473,-0.6665629101173912,-0.75673886422031,-1.4760046065474393,22.59,Wednesday,0
SHIP1192,2026-02-26 00:00:00,Mini-Truck,South,Fog,20.38,4.89,181.12,4.0,0.5531902815622161,0.7051737756714058,0.021489773355444997,0.2945622765568977,1.103825985419619,-2.290754431780224,8.89,Thursday,1
SHIP1193,2026-02-26 07:00:00,Bike,West,Rain,26.02,3.65,467.04,3.0,0.6812556766575839,0.5092812006319115,0.5004418144965408,0.9833483061430465,0.0692518089382235,0.0057091923380513795,17.95,Thursday,1
SHIP1194,2026-02-26 14:00:00,Van,South,Clear,8.09,2.92,467.35,5.0,0.2741257947320618,0.393957345971564,0.5009611035730439,-1.2063562169916424,-0.5398120207645336,0.008199062663585343,57.77,Thursday,0
SHIP1195,2026-02-26 21:00:00,Van,North,Clear,18.2,4.43,508.98,3.0,0.5036898274296093,0.6325039494470773,0.570696601169238,0.02832937859629419,0.7200323393055529,0.34256455186351464,27.97,Thursday,1
SHIP1196,2026-02-27 04:00:00,Bike,West,Clear,12.54,0.64,470.64,3.0,0.37517029972752036,0.03376777251184847,0.5064722682881886,-0.6628991546408692,-2.442093571069035,0.034623815473284004,37.53,Friday,0
SHIP1197,2026-02-27 11:00:00,Mini-Truck,East,Clear,8.6,1.77,322.88,5.0,0.2857061762034514,0.21228278041074256,0.2589556426621103,-1.1440723738907674,-1.4992961360496988,-1.1521608274328308,37.54,Friday,0
SHIP1198,2026-02-27 18:00:00,Mini-Truck,South,Clear,5.71,2.91,535.57,1.0,0.2200840145322434,0.39237756714060035,0.61523820292477,-1.4970141514623931,-0.5481553608974479,0.556131171076249,93.8,Friday,0
SHIP1199,2026-02-28 01:00:00,Bike,North,Clear,8.47,1.89,565.22,3.0,0.28275431425976383,0.2312401263823065,0.6649056904032029,-1.1599486476223628,-1.3991760544547251,0.7942752199539309,66.73,Saturday,0
SHIP1200,2026-02-28 08:00:00,Bike,Central,Clear,18.48,2.8,305.31,3.0,0.5100476839237057,0.375,0.22952367790676248,0.06252442971050029,-0.6399321023595075,-1.2932802520122868,16.52,Saturday,0
SHIP1201,2026-02-28 15:00:00,Van,West,Storm,5.11,3.57,428.28,4.0,0.20646003633060855,0.4966429699842022,0.4355139286731326,-1.5702892609928345,0.002505087874907589,-0.3056049167512899,83.81,Saturday,0
SHIP1202,2026-02-28 22:00:00,Van,South,Fog,13.59,3.66,417.07,5.0,0.3990122615803814,0.5108609794628752,0.41673576561636255,-0.5346677129625967,0.07759514907113817,-0.3956418404585011,30.69,Saturday,1
SHIP1203,2026-03-01 05:00:00,Mini-Truck,South,Clear,24.51,5.1,476.45,2.0,0.6469686648501362,0.7383491311216428,0.5162047506574869,0.798939280491436,1.2790361282108231,0.08128880447764601,19.44,Sunday,1
SHIP1204,2026-03-01 12:00:00,Bike,East,Rain,21.59,3.73,425.41,1.0,0.5806653042688464,0.5219194312796208,0.4307063169003467,0.4423337474432879,0.1359985300015394,-0.3286562968618779,19.7,Sunday,1
SHIP1205,2026-03-01 19:00:00,Van,East,Rain,13.76,4.69,441.85,1.0,0.4028723887375113,0.6735781990521327,0.45824538921553853,-0.5139064319289718,0.93695918276133,-0.19661285121098104,32.11,Sunday,1
SHIP1206,2026-03-02 02:00:00,Van,Central,Clear,18.205,3.42,527.02,5.0,0.5038033605812896,0.4729462875197472,0.6009158751696064,0.028940004509047747,-0.12264501411880956,0.4874589411300703,28.95,Monday,0
SHIP1207,2026-03-02 09:00:00,Bike,Central,Fog,33.14,2.79,316.34,4.0,0.8429268846503177,0.37342022116903634,0.24800031827395003,1.852879605904284,-0.6482754424924217,-1.2046890594618374,9.55,Monday,0
SHIP1208,2026-03-02 16:00:00,Van,North,Fog,18.21,5.28,538.48,4.0,0.50391689373297,0.7667851500789888,0.6201128197396855,0.029550630421801737,1.4292162506032842,0.5795038247772287,29.57,Monday,1
SHIP1209,2026-03-02 23:00:00,Van,North,Clear,-1.75,2.65,586.94,5.0,0.05069255222524981,0.35130331753554506,0.7012894282794782,-2.4080680132908805,-0.7650822043532246,0.968726779536503,-335.39,Monday,0
SHIP1210,2026-03-03 06:00:00,Truck,Central,Clear,25.09,3.91,646.1,4.0,0.6601385104450498,0.5503554502369669,0.8003898855888905,0.8697718863708624,0.2861786523940002,1.4438904197254967,25.75,Tuesday,1
SHIP1211,2026-03-03 13:00:00,Bike,Central,Clear,-0.35,4.42,192.8,1.0,0.08248183469573118,0.6309241706161137,0.04105524565723573,-2.237092757719851,0.7116889991726386,-2.1969425433859127,-550.86,Tuesday,1
SHIP1212,2026-03-03 20:00:00,Bike,West,Clear,29.81,4.51,428.05,1.0,0.7673138056312442,0.6451421800947866,0.43512864968088844,1.4462027480103343,0.7867790603688688,-0.3074522398960406,14.36,Tuesday,1
SHIP1213,2026-03-04 03:00:00,Van,East,Clear,26.67,3.57,214.19,2.0,0.6960149863760217,0.4966429699842022,0.07688619193594315,1.0627296748010249,0.002505087874907589,-2.025141490924071,8.03,Wednesday,0
SHIP1214,2026-03-04 10:00:00,Bike,North,Fog,32.19,4.76,168.29125000000002,5.0,0.8213555858310625,0.6846366508688783,0.0,1.7368606824810848,0.9953625636917308,-2.3937928960985904,5.23,Wednesday,1
SHIP1215,2026-03-04 17:00:00,Van,East,Clear,20.08,3.57,467.29,3.0,0.5463782924613986,0.4966429699842022,0.5008605960098498,0.25792472179167697,0.002505087874907589,0.007717152277998109,23.27,Wednesday,0
SHIP1216,2026-03-05 00:00:00,Van,East,Clear,15.11,4.47,402.1,3.0,0.4335263396911898,0.638823064770932,0.39165912859942714,-0.3490374354854788,0.7534056998372108,-0.5158784816625109,26.61,Thursday,1
SHIP1217,2026-03-05 07:00:00,Bike,Central,Fog,14.4,4.14,485.98,2.0,0.4174046321525885,0.586690363349131,0.5321687019448214,-0.4357463150965009,0.4780754754510329,0.15783223738841556,33.75,Thursday,1
SHIP1218,2026-03-05 14:00:00,Bike,West,Rain,13.63,4.48,508.34,2.0,0.3999205267938237,0.6404028436018957,0.5696245204951671,-0.5297827056605673,0.7617490399701259,0.3374241744172507,37.3,Thursday,1
SHIP1219,2026-03-05 21:00:00,Bike,South,Clear,25.85,2.05,599.75,3.0,0.677395549500454,0.25651658767772517,0.7227477930214248,0.9625870251094216,-1.2656826123280935,1.071614646859373,23.2,Thursday,0
SHIP1220,2026-03-06 04:00:00,Bike,West,Clear,23.7,4.21,456.47,2.0,0.628576294277929,0.5977488151658767,0.48273573211384163,0.7000178826253399,0.5364788563814344,-0.07918735392289628,19.26,Friday,1
SHIP1221,2026-03-06 11:00:00,Truck,West,Clear,18.205,4.8,765.26125,2.0,0.5038033605812896,0.6909557661927329,1.0,0.028940004509047747,1.0287359242233889,2.4009744853014054,42.04,Friday,1
SHIP1222,2026-03-06 18:00:00,Van,East,Rain,12.22,3.73,486.77,3.0,0.36790417801998176,0.5219194312796208,0.5334920515268773,-0.7019792130571044,0.1359985300015394,0.16417739079864693,39.83,Friday,1
SHIP1223,2026-03-07 01:00:00,Truck,West,Clear,39.03,2.52,671.1,4.0,0.9766689373297001,0.33076619273301744,0.8422680369197781,2.5721969311281168,-0.8735456260811129,1.6446864137201695,17.19,Saturday,0
SHIP1224,2026-03-07 08:00:00,Van,North,Clear,25.3,4.6,170.06,2.0,0.664906902815622,0.6593601895734595,0.002962879206660274,0.895418174706517,0.861869121565099,-2.379586579523467,6.72,Saturday,1
SHIP1225,2026-03-07 15:00:00,Van,East,Storm,5.22,3.64,611.97,2.0,0.20895776566757493,0.5077014218009479,0.7432178333919628,-1.5568554909122538,0.060908468805309195,1.1697637287239693,117.24,Saturday,1
SHIP1226,2026-03-07 22:00:00,Mini-Truck,North,Clear,13.87,1.49,428.31,3.0,0.40537011807447765,0.16804897314375994,0.43556418245472966,-0.5004726618483909,-1.7329096597713045,-0.30536396155849604,30.88,Saturday,0
SHIP1227,2026-03-08 05:00:00,Truck,South,Fog,25.45,2.42,216.2,5.0,0.6683128973660307,0.31496840442338075,0.0802531953029465,0.9137369520891272,-0.9569790274102576,-2.0089974930068992,8.5,Sunday,0
SHIP1228,2026-03-08 12:00:00,Mini-Truck,East,Storm,11.6,2.87,500.47,4.0,0.3538260672116258,0.3860584518167457,0.5564412784562038,-0.7776968262385606,-0.5815287214291058,0.27421359550772806,43.14,Sunday,0
SHIP1229,2026-03-08 19:00:00,Bike,South,Clear,20.81,5.31,413.65,3.0,0.5629541326067211,0.7715244865718798,0.41100683451429715,0.347076105053714,1.4542462710020272,-0.42311073243697245,19.88,Sunday,1
SHIP1230,2026-03-09 02:00:00,Bike,East,Fog,25.61,5.1,519.61,5.0,0.6719459582198001,0.7383491311216428,0.5885031911151315,0.9332769812972449,1.2790361282108231,0.42794300851004957,20.29,Monday,1
SHIP1231,2026-03-09 09:00:00,Truck,Central,Clear,-3.9825000000000017,5.09,571.33,1.0,0.0,0.7367693522906792,0.6751407105884719,-2.680712483335398,1.2706927880779089,0.8433497608862291,-143.46,Monday,1
SHIP1232,2026-03-09 16:00:00,Truck,West,Fog,17.14,3.78,271.3,4.0,0.47962079927338774,0.5298183254344391,0.1725526408362229,-0.10112331490748537,0.17771523066611167,-1.5664431222426398,15.83,Monday,1
SHIP1233,2026-03-09 23:00:00,Truck,Central,Clear,17.45,4.6,571.79,3.0,0.4866598546775658,0.6593601895734595,0.67591126857296,-0.06326450831675749,0.861869121565099,0.8470444071757305,32.77,Monday,1
SHIP1234,2026-03-10 06:00:00,Van,South,Rain,14.7,2.13,450.78,5.0,0.424216621253406,0.2691548183254345,0.4732042648709314,-0.39910876033128034,-1.1989358912647776,-0.12488852215608427,30.67,Tuesday,0
SHIP1235,2026-03-10 13:00:00,Bike,West,Clear,20.41,3.51,612.34,4.0,0.5538714804722978,0.4871642969984201,0.7438376300316598,0.2982260320334199,-0.047554952922579344,1.1727355094350904,30.0,Tuesday,0
SHIP1236,2026-03-10 20:00:00,Van,East,Fog,23.26,4.04,425.38,2.0,0.6185853769300635,0.5708925750394944,0.43065606311874965,0.6462828023030165,0.3946420741218884,-0.3288972520546718,18.29,Tuesday,1
SHIP1237,2026-03-11 03:00:00,Van,West,Rain,19.14,2.21,393.55,4.0,0.525034059945504,0.28179304897314383,0.3773368008442635,0.1431270501939858,-1.1321891702014617,-0.5845507116086892,20.56,Wednesday,0
SHIP1238,2026-03-11 10:00:00,Bike,North,Clear,15.01,3.75,453.25,1.0,0.4312556766575839,0.5250789889415481,0.4773418262224232,-0.36124995374055224,0.1526852102673684,-0.10504987794941037,30.2,Wednesday,1
SHIP1239,2026-03-11 17:00:00,Van,West,Fog,23.06,5.52,462.22,4.0,0.6140440508628519,0.8046998420221168,0.49236770691994575,0.6218577657928691,1.6294564137932313,-0.033004275304121505,20.04,Wednesday,1
SHIP1240,2026-03-12 00:00:00,Mini-Truck,North,Clear,18.39,4.17,370.47,5.0,0.5080040871934605,0.5914296998420221,0.3386748915355881,0.05153316328093411,0.5031054958497766,-0.7699255732645711,20.15,Thursday,1
SHIP1241,2026-03-12 07:00:00,Mini-Truck,West,Clear,16.15,4.6,390.44,5.0,0.45714123524069017,0.6593601895734595,0.3721271588187011,-0.22202724563271384,0.861869121565099,-0.6095297332616266,24.18,Thursday,1
SHIP1242,2026-03-12 14:00:00,Mini-Truck,North,Clear,7.5,0.56,302.77,4.0,0.2607288828337875,0.02112954186413915,0.2252688577315442,-1.2784100746965765,-2.508840292132351,-1.3136811250021458,40.37,Thursday,0
SHIP1243,2026-03-12 21:00:00,Truck,South,Clear,5.5,5.37,397.84,5.0,0.21531562216167122,0.7810031595576619,0.3845230916126438,-1.5226604397980477,1.5043063117995144,-0.5500941190392037,72.33,Thursday,1
SHIP1244,2026-03-13 04:00:00,Van,Central,Clear,7.35,3.28,531.16,2.0,0.25732288828337874,0.45082938388625593,0.6078508970300014,-1.2967288520791869,-0.2394517759796124,0.5207107577355881,72.27,Friday,0
SHIP1245,2026-03-13 11:00:00,Mini-Truck,East,Fog,20.23,2.58,433.52,4.0,0.5497842870118074,0.3402448657187994,0.4442915891920866,0.2762434991742876,-0.8234855852836259,-0.2635180764100064,21.43,Friday,0
SHIP1246,2026-03-13 18:00:00,Truck,West,Clear,17.37,3.29,571.09,2.0,0.4848433242506812,0.45240916271721954,0.6747386803356954,-0.07303452292081614,-0.2311084358466977,0.8414221193438802,32.88,Friday,0
SHIP1247,2026-03-14 01:00:00,Mini-Truck,Central,Rain,6.16,1.72,427.75,2.0,0.23030199818346958,0.20438388625592424,0.4346261118649178,-1.4420578193145621,-1.5410128367142713,-0.3098617918239768,69.44,Saturday,0
SHIP1248,2026-03-14 08:00:00,Mini-Truck,East,Clear,23.17,4.76,278.22,3.0,0.6165417801998183,0.6846366508688783,0.18414451312461266,0.6352915358734503,0.9953625636917308,-1.5108627911049142,12.01,Saturday,1
SHIP1249,2026-03-14 15:00:00,Mini-Truck,East,Fog,28.99,3.1,467.04,3.0,0.7486943687556765,0.42239336492891,0.5004418144965408,1.346060098318731,-0.38963189837207285,0.0057091923380513795,16.11,Saturday,0
SHIP1250,2026-03-14 22:00:00,Van,North,Storm,13.21,2.61,369.17,5.0,0.39038374205267934,0.34498420221169035,0.33649722766638185,-0.5810752823318762,-0.7984555648848826,-0.7803669649522942,27.95,Saturday,0
SHIP1251,2026-03-15 05:00:00,Truck,South,Clear,4.07,3.3,422.0,2.0,0.18284514078110808,0.45398894154818326,0.42499413705881367,-1.6972994508455994,-0.22276509571378342,-0.3560448704427515,103.69,Sunday,0
SHIP1252,2026-03-15 12:00:00,Mini-Truck,South,Fog,12.33,4.84,598.51,3.0,0.3704019073569482,0.6972748815165876,0.7206706367154128,-0.6885454429765236,1.0621092847550466,1.061655165557237,48.54,Sunday,1
SHIP1253,2026-03-15 19:00:00,Van,Central,Clear,24.84,3.66,310.7,4.0,0.6544618528610353,0.5108609794628752,0.23855260733370182,0.8392405907331786,0.07759514907113817,-1.2499886357070356,12.51,Sunday,1
SHIP1254,2026-03-16 02:00:00,Van,South,Fog,18.205,3.57,467.04,4.0,0.5038033605812896,0.4966429699842022,0.5004418144965408,0.028940004509047747,0.002505087874907589,0.0057091923380513795,25.65,Monday,0
SHIP1255,2026-03-16 09:00:00,Truck,West,Clear,10.62,4.06,445.14,1.0,0.3315735694822888,0.5740521327014217,0.4637565539306832,-0.8973795051382816,0.411328754387717,-0.17018809840128238,41.92,Monday,1
SHIP1256,2026-03-16 16:00:00,Mini-Truck,South,Fog,30.17,2.39,534.11,1.0,0.7754881925522251,0.3102290679304898,0.6127925188870462,1.4901678137285994,-0.982009047809001,0.5444046850269598,17.7,Monday,0
SHIP1257,2026-03-16 23:00:00,Bike,Central,Clear,28.79,0.91,552.62,3.0,0.7441530426884648,0.07642180094786742,0.6437991021324354,1.321635061808584,-2.216823387480344,0.6930740389806156,19.19,Monday,0
SHIP1258,2026-03-17 06:00:00,Truck,South,Clear,12.14,5.3,481.66,1.0,0.3660876475930972,0.7699447077409162,0.524932157394844,-0.7117492276611633,1.445902930869113,0.12313468962613613,39.68,Tuesday,1
SHIP1259,2026-03-17 13:00:00,Van,West,Rain,12.05,4.05,406.76,2.0,0.36404405086285196,0.572472353870458,0.39946521600750456,-0.7227404940907295,0.40298541425480267,-0.4784501083819042,33.76,Tuesday,1
SHIP1260,2026-03-17 20:00:00,Bike,North,Clear,18.205,3.41,506.8,5.0,0.5038033605812896,0.4713665086887836,0.5670448263731847,0.028940004509047747,-0.13098835425172387,0.3250551411871791,27.84,Tuesday,0
SHIP1261,2026-03-18 03:00:00,Mini-Truck,Central,Clear,13.94,3.09,610.28,3.0,0.40695958219800177,0.4208135860979463,0.7403868703619947,-0.49192389906983935,-0.3979752385049875,1.156189919529929,43.78,Wednesday,0
SHIP1262,2026-03-18 10:00:00,Van,North,Clear,25.6,5.18,446.73,1.0,0.6717188919164395,0.7509873617693521,0.46642000435532777,0.9320557294717378,1.345782849274139,-0.1574174731832209,17.45,Wednesday,1
SHIP1263,2026-03-18 17:00:00,Truck,North,Clear,21.4,6.756250000000001,417.93,5.0,0.5763510445049953,1.0,0.4181763740221452,0.41912996275864794,2.6609018377247855,-0.38873445826508424,19.53,Wednesday,1
SHIP1264,2026-03-19 00:00:00,Mini-Truck,North,Clear,25.02,4.04,496.58,1.0,0.6585490463215258,0.5708925750394944,0.5499250381091176,0.8612231235923109,0.3946420741218884,0.2429697388421566,19.85,Thursday,1
SHIP1265,2026-03-19 07:00:00,Bike,East,Clear,23.39,2.26,454.65,2.0,0.621537238873751,0.2896919431279621,0.4796870026969529,0.662159076034612,-1.0904724695368895,-0.09380530228570887,19.44,Thursday,0
SHIP1266,2026-03-19 14:00:00,Bike,East,Clear,31.72,3.31,289.47,3.0,0.8106834695731152,0.455568720379147,0.20298968122351208,1.6794618466822393,-0.21442175558086876,-1.4205045938073113,9.13,Thursday,0
SHIP1267,2026-03-19 21:00:00,Bike,North,Clear,9.52,4.02,478.72,4.0,0.30659627611262485,0.567733017377567,0.5200072867983316,-1.0317172059440907,0.37795539385605903,0.09952108073236263,50.29,Thursday,1
SHIP1268,2026-03-20 04:00:00,Truck,Central,Fog,21.04,0.68,288.39,1.0,0.5681766575840145,0.04008688783570313,0.20118054508601768,0.37516489704038325,-2.408720210537377,-1.4291789807478816,13.71,Friday,0
SHIP1269,2026-03-20 11:00:00,Van,West,Clear,0.61,3.9,494.94,2.0,0.10428019981834698,0.5487756714060031,0.5471778313818114,-2.1198525824711445,0.27783531226108554,0.22979752163610617,811.38,Friday,1
SHIP1270,2026-03-20 18:00:00,Bike,West,Clear,7.46,4.02,467.04,5.0,0.25982061762034514,0.567733017377567,0.5004418144965408,-1.2832950819986058,0.37795539385605903,0.0057091923380513795,62.61,Friday,1
SHIP1271,2026-03-21 01:00:00,Bike,South,Clear,17.4,5.09,454.42,1.0,0.4855245231607629,0.7367693522906792,0.47930172370470875,-0.06937076744429437,1.2706927880779089,-0.09565262543045955,26.12,Saturday,1
SHIP1272,2026-03-21 08:00:00,Mini-Truck,Central,Clear,21.35,4.97,496.87,1.0,0.5752157129881925,0.7178120063191152,0.550410824664556,0.4130237036311115,1.170572706482935,0.24529897237249498,23.27,Saturday,1
SHIP1273,2026-03-21 15:00:00,Mini-Truck,East,Clear,17.19,3.57,744.47,4.0,0.48075613079019075,0.4966429699842022,0.9651720354456672,-0.09501705577994851,0.002505087874907589,2.233982496895736,43.31,Saturday,0
SHIP1274,2026-03-21 22:00:00,Truck,North,Clear,13.46,5.32,539.13,2.0,0.3960603996366939,0.7731042654028435,0.6212016516742884,-0.5505439866941922,1.4625896111349421,0.58472452062109,40.05,Saturday,1
SHIP1275,2026-03-22 05:00:00,Truck,South,Clear,14.88,5.94,613.78,3.0,0.42830381471389645,0.8710505529225907,0.7462498115483189,-0.37712622747214775,1.97987669937564,1.184301358689183,41.25,Sunday,1
SHIP1276,2026-03-22 12:00:00,Bike,West,Rain,28.96,3.53,674.61,5.0,0.7480131698455947,0.49032385466034756,0.8481477293666349,1.3423963428422092,-0.030868272656750365,1.6728781712770218,23.29,Sunday,0
SHIP1277,2026-03-22 19:00:00,Bike,East,Rain,14.93,4.0,508.71,2.0,0.42943914623069934,0.5645734597156398,0.5702443171348643,-0.3710199683446111,0.36126871359023044,0.3403959551283719,34.07,Sunday,1
SHIP1278,2026-03-23 02:00:00,Bike,East,Clear,31.99,1.38,484.28,5.0,0.8168142597638508,0.15067140600315965,0.529320987654321,1.7124356459709378,-1.8246864012333637,0.14417810979677745,15.14,Monday,0
SHIP1279,2026-03-23 09:00:00,Bike,North,Rain,24.35,1.76,321.99,1.0,0.6433356039963668,0.2107030015797789,0.2574647804747307,0.7793992512833183,-1.5076394761826133,-1.159309164819041,13.22,Monday,0
SHIP1280,2026-03-23 16:00:00,Mini-Truck,West,Fog,21.66,2.49,436.0,4.0,0.5822547683923704,0.32602685624012645,0.44844590180411076,0.4508825102218394,-0.8985756464798561,-0.24359911380573468,20.13,Monday,0
SHIP1281,2026-03-23 23:00:00,Van,Central,Clear,8.45,2.97,363.23,4.0,0.28230018165304266,0.4018562401263823,0.326546978910163,-1.1623911512733778,-0.498095320099961,-0.8280760931254285,42.99,Monday,0
SHIP1282,2026-03-24 06:00:00,Truck,East,Rain,25.48,2.18,401.87,3.0,0.6689940962761125,0.27705371248025285,0.391273849607183,0.9174007075656494,-1.157219190600205,-0.5177258048072622,15.77,Tuesday,0
SHIP1283,2026-03-24 13:00:00,Van,North,Rain,14.05,3.46,674.48,4.0,0.4094573115349682,0.47926540284360186,0.8479299629797141,-0.4784901289892583,-0.0892716535871516,1.6718340321082494,48.01,Tuesday,0
SHIP1284,2026-03-24 20:00:00,Truck,Central,Clear,8.44,3.0,463.75,1.0,0.28207311534968205,0.4065955766192733,0.49493064978139606,-1.163612403098885,-0.4730652997012177,-0.020715560471647743,54.95,Tuesday,0
SHIP1285,2026-03-25 03:00:00,Van,West,Clear,22.1,4.79,344.89,3.0,0.5922456857402361,0.6893759873617693,0.2958251670938237,0.5046175905441632,1.0203925840904744,-0.9753800343199208,15.61,Wednesday,1
SHIP1286,2026-03-25 10:00:00,Truck,East,Clear,6.9,2.93,614.94,2.0,0.2471049046321526,0.3955371248025277,0.7481929577700721,-1.3516851842270179,-0.5314686806316189,1.1936182928105366,89.12,Wednesday,0
SHIP1287,2026-03-25 17:00:00,Truck,Central,Fog,40.057500000000005,0.76,564.63,4.0,0.9999999999999999,0.052725118483412436,0.6639173660317939,2.697680556198998,-2.341973489474061,0.7895364344956564,14.1,Wednesday,0
SHIP1288,2026-03-26 00:00:00,Van,Central,Storm,17.92,3.65,570.92,3.0,0.4973319709355132,0.5092812006319115,0.674453908906645,-0.00586567251791148,0.0692518089382235,0.8400567065847158,31.86,Thursday,1
SHIP1289,2026-03-26 07:00:00,Truck,Central,Rain,35.75,3.48,209.26,1.0,0.9021911898274294,0.4824249605055292,0.06862782049349209,2.1716263323617038,-0.07258497332132262,-2.0647384609398203,5.85,Thursday,0
SHIP1290,2026-03-26 14:00:00,Van,East,Clear,12.5,2.47,683.84,5.0,0.374262034514078,0.3228672985781991,0.8636091428379986,-0.6677841619428986,-0.9152623267456851,1.7470120522598551,54.71,Thursday,0
SHIP1291,2026-03-26 21:00:00,Van,East,Rain,14.33,3.61,382.98,5.0,0.4158151680290645,0.5029620853080569,0.3596307184615642,-0.4442950778750524,0.035878448406565545,-0.6694472578696369,26.73,Thursday,1
SHIP1292,2026-03-27 04:00:00,Bike,South,Clear,23.86,2.21,543.35,1.0,0.6322093551316983,0.28179304897314383,0.6282706836189422,0.7195579118334576,-1.1321891702014617,0.618618884407391,22.77,Friday,0
SHIP1293,2026-03-27 11:00:00,Truck,West,Clear,8.09,3.9,752.86,1.0,0.2741257947320618,0.5487756714060031,0.9792263430323132,-1.2063562169916424,0.27783531226108554,2.301369632480348,93.06,Friday,1
SHIP1294,2026-03-27 18:00:00,Van,North,Clear,21.54,6.66,708.64,5.0,0.5795299727520435,0.9847946287519747,0.905152268958239,0.43622748831575103,2.5805971889454824,1.9462016783025702,32.9,Friday,1
SHIP1295,2026-03-28 01:00:00,Truck,Central,Fog,27.65,1.33,332.69,3.0,0.7182674841053586,0.14277251184834133,0.27538862924435065,1.1824123537007454,-1.8664031018979361,-1.073368479389321,12.03,Saturday,0
SHIP1296,2026-03-28 08:00:00,Bike,South,Clear,15.54,2.88,276.66,5.0,0.44329019073569476,0.3876382306477093,0.18153131648156529,-0.2965236069886625,-0.5731853812961916,-1.523392461130182,17.8,Saturday,0
SHIP1297,2026-03-28 15:00:00,Van,North,Fog,26.21,2.69,621.64,1.0,0.6855699364214349,0.3576224328593997,0.75941630232675,1.0065520908276864,-0.7317088438215666,1.2474316192011083,23.72,Saturday,0
SHIP1298,2026-03-28 22:00:00,Bike,South,Clear,20.33,2.98,467.05,3.0,0.5520549500454132,0.403436018957346,0.5004585657570733,0.28845601742936083,-0.48975197996704667,0.005789510735649176,22.97,Saturday,0
SHIP1299,2026-03-29 05:00:00,Van,East,Clear,12.15,4.72,389.89,2.0,0.36631471389645776,0.6783175355450236,0.3712058394894215,-0.710527975835656,0.9619892031600729,-0.6139472451295095,32.09,Sunday,1
SHIP1300,2026-03-29 12:00:00,Van,Central,Clear,16.42,4.15,524.55,4.0,0.463272025431426,0.5882701421800948,0.5967783138181146,-0.18905344634401486,0.48641881558394795,0.46762029692339646,31.95,Sunday,1
SHIP1301,2026-03-29 19:00:00,Truck,North,Clear,14.96,4.52,430.45,4.0,0.4301203451407811,0.6467219589257502,0.43914895220865363,-0.3673562128680889,0.7951224005017831,-0.2881758244725522,28.77,Sunday,1
SHIP1302,2026-03-30 02:00:00,Truck,North,Clear,17.3,3.54,534.16,1.0,0.4832538601271571,0.49190363349131117,0.6128762751897079,-0.08158328569936767,-0.02252493252383569,0.5448062770149488,30.88,Monday,0
SHIP1303,2026-03-30 09:00:00,Bike,North,Clear,19.22,1.91,458.04,5.0,0.5268505903723887,0.2343996840442339,0.48536568001742136,0.15289706479804444,-1.3824893741888962,-0.06657736550003088,23.83,Monday,0
SHIP1304,2026-03-30 16:00:00,Bike,North,Fog,22.71,2.16,536.69,3.0,0.6060967302452315,0.2738941548183255,0.617114344104394,0.5791139519001118,-1.173905870866034,0.5651268316072104,23.63,Monday,0
SHIP1305,2026-03-30 23:00:00,Mini-Truck,North,Clear,22.07,4.4,342.66,4.0,0.5915644868301543,0.6277646129541864,0.2920896359951087,0.500953835067641,0.69500231890681,-0.9932910369842453,15.53,Monday,1
SHIP1306,2026-03-31 06:00:00,Truck,South,Fog,-1.45,3.7,620.94,5.0,0.05750454132606724,0.5171800947867299,0.7582437140894853,-2.37143045852566,0.11096850960279613,1.2418093313692582,-428.23,Tuesday,1
SHIP1307,2026-03-31 13:00:00,Van,Central,Clear,17.22,5.01,533.71,3.0,0.4814373297002724,0.7241311216429699,0.612122468465752,-0.09135330030342674,1.203946067014593,0.5411919491230452,30.99,Tuesday,1
SHIP1308,2026-03-31 20:00:00,Bike,East,Fog,5.92,3.85,527.56,4.0,0.2248524069028156,0.5408767772511848,0.6018204432383536,-1.4713678631267386,0.23611861159651326,0.491796134600355,89.11,Tuesday,1
SHIP1309,2026-04-01 03:00:00,Van,East,Rain,15.79,2.08,315.88,3.0,0.44896684831970923,0.26125592417061616,0.2472297602894618,-0.26599231135097856,-1.2406525919293498,-1.2083837057513391,20.01,Wednesday,0
SHIP1310,2026-04-01 10:00:00,Truck,East,Clear,17.01,2.87,467.04,5.0,0.4766689373297003,0.3860584518167457,0.5004418144965408,-0.11699958863908087,-0.5815287214291058,0.0057091923380513795,27.46,Wednesday,0
SHIP1311,2026-04-01 17:00:00,Van,East,Clear,25.81,4.18,448.35,2.0,0.6764872842870117,0.5930094786729857,0.4691337085615693,0.957702017807392,0.5114488359826909,-0.14440589277236607,17.37,Wednesday,1
SHIP1312,2026-04-02 00:00:00,Van,South,Fog,17.76,4.35,537.37,5.0,0.4936989100817438,0.619865718799368,0.618253429820594,-0.02540570172602919,0.653285618242237,0.5705884826438651,30.26,Thursday,1
SHIP1313,2026-04-02 07:00:00,Mini-Truck,West,Storm,20.07,4.53,411.26,1.0,0.5461512261580381,0.6483017377567141,0.4070032832470643,0.25670346996616983,0.8034657406346981,-0.4423068294628631,20.49,Thursday,1
SHIP1314,2026-04-02 14:00:00,Bike,Central,Clear,24.34,2.24,481.31,3.0,0.6431085376930062,0.2865323854660348,0.5243458632762115,0.7781779994578107,-1.107159149802718,0.12032354571021053,19.77,Thursday,0
SHIP1315,2026-04-02 21:00:00,Bike,North,Rain,27.82,2.06,485.66,2.0,0.7221276112624885,0.25809636650868883,0.531632661607786,1.2031736347343707,-1.2573392721951788,0.1552620486652838,17.46,Thursday,0
SHIP1316,2026-04-03 04:00:00,Truck,West,Fog,17.02,3.27,168.29125000000002,3.0,0.47689600363306084,0.4492496050552922,0.0,-0.11577833681357376,-0.2477951161125267,-2.3937928960985904,9.89,Friday,0
SHIP1317,2026-04-03 11:00:00,Van,East,Fog,18.75,5.23,519.89,3.0,0.5161784741144414,0.7588862559241706,0.5889722264100372,0.09549822899919885,1.387499549938712,0.4301919236427897,27.73,Friday,1
SHIP1318,2026-04-03 18:00:00,Van,West,Storm,18.08,2.67,685.84,4.0,0.5009650317892824,0.3544628751974724,0.8669593949444696,0.013674356690205797,-0.7483955240873956,1.7630757317794288,37.93,Friday,0
SHIP1319,2026-04-04 01:00:00,Van,Central,Rain,13.66,4.05,514.77,1.0,0.4006017257039055,0.572472353870458,0.5803955810174715,-0.5261189501840453,0.40298541425480267,0.38906890407268063,37.68,Saturday,1
SHIP1320,2026-04-04 08:00:00,Truck,North,Clear,11.85,4.05,335.08,3.0,0.35950272479564027,0.572472353870458,0.2793921805115835,-0.7471655306008768,0.40298541425480267,-1.0541723823634304,28.28,Saturday,1
SHIP1321,2026-04-04 15:00:00,Bike,North,Clear,-0.18,4.41,528.0,3.0,0.08634196185286105,0.62934439178515,0.6025574987017772,-2.216331476686226,0.7033456590397242,0.4953301440946617,-2933.33,Saturday,1
SHIP1322,2026-04-04 22:00:00,Bike,Central,Clear,18.205,5.5,467.04,5.0,0.5038033605812896,0.8015402843601894,0.5004418144965408,0.028940004509047747,1.6127697335274027,0.0057091923380513795,25.65,Saturday,1
SHIP1323,2026-04-05 05:00:00,Van,Central,Rain,3.77,5.37,511.5,4.0,0.17603315168029066,0.7810031595576619,0.5749179188233915,-1.7339370056108203,1.5043063117995144,0.36280478805817756,135.68,Sunday,1
SHIP1324,2026-04-05 12:00:00,Mini-Truck,East,Rain,28.04,2.79,441.1,1.0,0.7271230699364213,0.37342022116903634,0.4569890446756118,1.2300411748955322,-0.6482754424924217,-0.20263673103082122,15.73,Sunday,0
SHIP1325,2026-04-05 19:00:00,Bike,North,Clear,18.205,0.98,420.94,1.0,0.5038033605812896,0.08748025276461306,0.42321850344238404,0.028940004509047747,-2.158420006549943,-0.36455862058812566,23.12,Sunday,0
SHIP1326,2026-04-06 02:00:00,Truck,West,Fog,16.99,2.69,420.44,5.0,0.47621480472297906,0.3576224328593997,0.4223809404157663,-0.11944209229009597,-0.7317088438215666,-0.36857454046801913,24.75,Monday,0
SHIP1327,2026-04-06 09:00:00,Bike,South,Rain,12.26,3.59,533.73,2.0,0.3688124432334241,0.49980252764612954,0.6121559709868167,-0.6970942057550751,0.019191768140736566,0.5413525859182409,43.53,Monday,1
SHIP1328,2026-04-06 16:00:00,Truck,South,Clear,18.24,3.07,281.15,4.0,0.5045980926430517,0.41765402843601895,0.18905263246059262,0.033214385898323505,-0.4146619187708165,-1.487329500608739,15.41,Monday,0
SHIP1329,2026-04-06 23:00:00,Van,Central,Clear,11.22,5.86,405.38,4.0,0.34519754768392374,0.8584123222748814,0.3971535420540396,-0.82410439560784,1.9131299783123241,-0.4895340472504101,36.13,Monday,1
SHIP1330,2026-04-07 06:00:00,Truck,East,Clear,19.39,3.57,641.47,5.0,0.5307107175295186,0.4966429699842022,0.7926340519624102,0.1736583458316697,0.002505087874907589,1.4067030016376834,33.08,Tuesday,0
SHIP1331,2026-04-07 13:00:00,Bike,South,Clear,19.97,4.28,646.1,5.0,0.5438805631244322,0.6088072669826224,0.8003898855888905,0.2444909517110961,0.5948822373118361,1.4438904197254967,32.35,Tuesday,1
SHIP1332,2026-04-07 20:00:00,Van,North,Clear,11.11,3.76,272.62,2.0,0.3426998183469573,0.5266587677725117,0.17476380722649376,-0.8375381656884211,0.1610285504002827,-1.5558410937597211,24.54,Tuesday,1
SHIP1333,2026-04-08 03:00:00,Van,Central,Clear,10.96,3.08,314.23,2.0,0.3392938237965486,0.4192338072669826,0.24446580230162324,-0.8558569430710312,-0.40631857863790183,-1.2216362413549875,28.67,Wednesday,0
SHIP1334,2026-04-08 10:00:00,Van,West,Clear,25.7,1.19,417.53,1.0,0.6739895549500453,0.12065560821485001,0.4175063236008509,0.9442682477268111,-1.983209863758739,-0.39194719416899926,16.25,Wednesday,0
SHIP1335,2026-04-08 17:00:00,Van,Central,Clear,17.58,3.41,557.11,4.0,0.48961171662125336,0.4713665086887836,0.6513204181114629,-0.047388234585162,-0.13098835425172387,0.7291369995020589,31.69,Wednesday,0
SHIP1336,2026-04-09 00:00:00,Mini-Truck,West,Clear,11.75,6.756250000000001,230.7,4.0,0.3572320617620345,1.0,0.10454252307486134,-0.7593780488559503,2.6609018377247855,-1.8925358164899888,19.63,Thursday,1
SHIP1337,2026-04-09 07:00:00,Bike,Central,Clear,15.04,2.01,443.42,5.0,0.4319368755676657,0.25019747235387046,0.46087533711911827,-0.35758619826403026,-1.2990559728597515,-0.18400286278811565,29.48,Thursday,0
SHIP1338,2026-04-09 14:00:00,Truck,Central,Rain,9.92,1.32,393.1,1.0,0.31567892824704813,0.14119273301737767,0.37658299412030755,-0.9828671329237963,-1.8747464420308506,-0.5881650395005933,39.63,Thursday,0
SHIP1339,2026-04-09 21:00:00,Van,Central,Clear,18.205,5.82,609.12,4.0,0.5038033605812896,0.8520932069510267,0.7384437241402415,0.028940004509047747,1.8797566177806662,1.1468729854085764,33.46,Thursday,1
SHIP1340,2026-04-10 04:00:00,Truck,West,Fog,24.65,4.39,248.77,1.0,0.6501475930971842,0.6261848341232227,0.13481205085682696,0.8160368060485386,0.6866589787738949,-1.747400472030639,10.09,Friday,1
SHIP1341,2026-04-10 11:00:00,Truck,West,Storm,17.78,3.72,461.1,1.0,0.49415304268846505,0.5203396524486572,0.490491565740322,-0.02296319807501453,0.12765518986862512,-0.04199993583508289,25.93,Friday,1
SHIP1342,2026-04-10 18:00:00,Van,Central,Clear,36.91,5.14,402.77,5.0,0.9285308810172568,0.7446682464454975,0.3927814630550948,2.3132915441205566,1.312409488742481,-0.5104971490234541,10.91,Friday,1
SHIP1343,2026-04-11 01:00:00,Truck,South,Clear,18.205,2.5,626.38,1.0,0.5038033605812896,0.3276066350710901,0.7673563998190862,0.028940004509047747,-0.8902323063469417,1.2855025396624986,34.41,Saturday,0
SHIP1344,2026-04-11 08:00:00,Truck,East,Clear,19.84,3.37,521.72,2.0,0.5409287011807447,0.46504739336492895,0.5920377070874583,0.2286146779795006,-0.16436171478338182,0.44489019040320005,26.3,Saturday,0
SHIP1345,2026-04-11 15:00:00,Bike,East,Clear,10.73,4.65,379.7,2.0,0.33407129881925524,0.667259083728278,0.35413630500695176,-0.8839457350577005,0.903585822229672,-0.6957916922817382,35.39,Saturday,1
SHIP1346,2026-04-11 22:00:00,Bike,East,Rain,16.09,6.03,552.41,3.0,0.4557788374205267,0.8852685624012637,0.6434473256612558,-0.22935475658575782,2.05496676057187,0.6913873526310601,34.33,Saturday,1
SHIP1347,2026-04-12 05:00:00,Van,West,Clear,11.77,2.1,403.34,5.0,0.3576861943687556,0.26441548183254354,0.39373628490543905,-0.7569355452049356,-1.2239659116635209,-0.5059190003603756,34.27,Sunday,0
SHIP1348,2026-04-12 12:00:00,Truck,West,Clear,0.67,5.04,569.92,3.0,0.10564259763851047,0.7288704581358609,0.6727787828534095,-2.1125250715181,1.2289760874133364,0.8320248668249289,850.63,Sunday,1
SHIP1349,2026-04-12 19:00:00,Bike,South,Clear,25.79,3.96,421.55,2.0,0.6760331516802905,0.5582543443917851,0.4242403303348577,0.9552595141563772,0.3278953530585725,-0.35965919833465554,16.35,Sunday,1
SHIP1350,2026-04-13 02:00:00,Truck,East,Clear,13.91,3.7,576.56,3.0,0.40627838328792,0.5171800947867299,0.6839016198468935,-0.4955876545463614,0.11096850960279613,0.885356282829914,41.45,Monday,1
SHIP1351,2026-04-13 09:00:00,Mini-Truck,East,Rain,11.92,3.49,502.33,5.0,0.3610921889191644,0.4840047393364929,0.5595570129152219,-0.7386167678223252,-0.06424163318840795,0.2891528174609314,42.14,Monday,0
SHIP1352,2026-04-13 16:00:00,Bike,Central,Clear,19.68,1.84,765.26125,5.0,0.5372956403269754,0.22334123222748825,1.0,0.2090746487713829,-1.4408927551192974,2.4009744853014054,38.89,Monday,0
SHIP1353,2026-04-13 23:00:00,Van,West,Clear,40.057500000000005,4.66,443.65,1.0,0.9999999999999999,0.6688388625592416,0.4612606161113623,2.697680556198998,0.9119291623625863,-0.18215553964336495,11.08,Monday,1
SHIP1354,2026-04-14 06:00:00,Van,East,Clear,15.43,2.56,495.94,4.0,0.4407924613987284,0.3370853080568721,0.5488529574350469,-0.3099573770692433,-0.8401722655494549,0.23782936139589309,32.14,Tuesday,0
SHIP1355,2026-04-14 13:00:00,Bike,South,Storm,17.98,2.2,392.47,1.0,0.49869436875567663,0.28021327014218017,0.3755276647067692,0.0014618384351324993,-1.140532510334376,-0.593225098549259,21.83,Tuesday,0
SHIP1356,2026-04-14 20:00:00,Van,South,Clear,23.97,4.56,450.32,3.0,0.6347070844686648,0.6530410742496049,0.4724337068864432,0.7329916819140384,0.828495761033441,-0.1285831684455861,18.79,Tuesday,1
SHIP1357,2026-04-15 03:00:00,Truck,East,Clear,15.12,4.45,168.29125000000002,2.0,0.43375340599455037,0.6356635071090047,0.0,-0.3478161836599714,0.7367190195713822,-2.3937928960985904,11.13,Wednesday,1
SHIP1358,2026-04-15 10:00:00,Mini-Truck,West,Rain,20.42,3.59,505.87,3.0,0.5540985467756585,0.49980252764612954,0.5654869591436755,0.2994472838589275,0.019191768140736566,0.3175855302105772,24.77,Wednesday,1
SHIP1359,2026-04-15 17:00:00,Truck,South,Clear,4.73,4.8,611.14,1.0,0.19783151680290645,0.6909557661927329,0.7418274787677772,-1.616696830362114,1.0287359242233889,1.163097301723346,129.21,Wednesday,1
SHIP1360,2026-04-16 00:00:00,Truck,Central,Storm,8.07,5.21,497.6,5.0,0.27367166212534055,0.7557266982622431,0.5516336666834178,-1.2087987206426571,1.3708128696728827,0.25116221539713957,61.66,Thursday,1
SHIP1361,2026-04-16 07:00:00,Bike,South,Rain,22.84,5.07,292.34,2.0,0.609048592188919,0.733609794628752,0.2077972929962979,0.5949902256317073,1.25400610781208,-1.3974532136967233,12.8,Thursday,1
SHIP1362,2026-04-16 14:00:00,Truck,North,Clear,7.65,2.87,353.79,3.0,0.26413487738419617,0.3860584518167457,0.3107337889676198,-1.2600912973139662,-0.5815287214291058,-0.9038966604578169,46.25,Thursday,0
SHIP1363,2026-04-16 21:00:00,Truck,North,Rain,19.87,4.72,168.29125000000002,2.0,0.5416099000908264,0.6783175355450236,0.0,0.2322784334560228,0.9619892031600729,-2.3937928960985904,8.47,Thursday,1
SHIP1364,2026-04-17 04:00:00,Mini-Truck,West,Storm,18.205,3.75,567.47,5.0,0.5038033605812896,0.5250789889415481,0.6686747240229827,0.028940004509047747,0.1526852102673684,0.8123468594134515,31.17,Friday,1
SHIP1365,2026-04-17 11:00:00,Truck,East,Fog,15.08,5.57,329.22,3.0,0.43284514078110803,0.8125987361769351,0.26957594183962347,-0.35270119096200075,1.6711731144578041,-1.1012389633557815,21.83,Friday,1
SHIP1366,2026-04-17 18:00:00,Mini-Truck,West,Rain,11.37,3.35,446.55,5.0,0.34860354223433243,0.4618878357030016,0.4661184816657454,-0.8057856182252299,-0.1810483950492108,-0.15886320433998263,39.27,Friday,0
SHIP1367,2026-04-18 01:00:00,Mini-Truck,West,Rain,25.27,3.07,431.55,5.0,0.6642257039055403,0.41765402843601895,0.4409915908672128,0.8917544192299948,-0.4146619187708165,-0.27934080073678635,17.08,Saturday,0
SHIP1368,2026-04-18 08:00:00,Van,West,Clear,31.84,2.76,628.53,1.0,0.8134082652134421,0.36868088467614535,0.7709579208335426,1.6941168685883277,-0.6733054628911654,1.3027709951460402,19.74,Saturday,0
SHIP1369,2026-04-18 15:00:00,Van,West,Clear,20.4,3.73,460.23,3.0,0.5536444141689372,0.5219194312796208,0.4890342060740071,0.2970047802079124,0.1359985300015394,-0.04898763642609754,22.56,Saturday,1
SHIP1370,2026-04-18 22:00:00,Van,Central,Clear,20.58,3.57,547.07,4.0,0.5577316076294276,0.4966429699842022,0.6345021525369785,0.31898731306704475,0.002505087874907589,0.6484973283137986,26.58,Saturday,0
SHIP1371,2026-04-19 05:00:00,Van,Central,Clear,12.54,4.08,515.58,1.0,0.37517029972752036,0.5772116903633491,0.5817524331205923,-0.6628991546408692,0.42801543465354636,0.3955746942781085,41.11,Sunday,1
SHIP1372,2026-04-19 12:00:00,Van,South,Clear,8.43,3.92,613.13,4.0,0.2818460490463215,0.5519352290679305,0.7451609796137157,-1.1648336549243925,0.2945219925269145,1.1790806628453219,72.73,Sunday,1
SHIP1373,2026-04-19 19:00:00,Bike,North,Clear,18.205,3.57,421.31,2.0,0.5038033605812896,0.4966429699842022,0.4238383000820812,0.028940004509047747,0.002505087874907589,-0.36158683987700446,23.14,Sunday,0
SHIP1374,2026-04-20 02:00:00,Van,West,Clear,10.21,3.23,674.35,4.0,0.322263851044505,0.44293048973143756,0.8477121965927936,-0.9474508299840829,-0.28116847664418465,1.670789892939477,66.05,Monday,0
SHIP1375,2026-04-20 09:00:00,Van,South,Rain,3.82,2.45,211.72,5.0,0.17716848319709355,0.3197077409162718,0.07274863058445147,-1.7278307464832834,-0.9319490070115141,-2.0449801351307446,55.42,Monday,0
SHIP1376,2026-04-20 16:00:00,Bike,North,Fog,24.43,3.57,552.9,4.0,0.6451521344232515,0.4966429699842022,0.6442681374273413,0.7891692658873769,0.002505087874907589,0.6953229541133558,22.63,Monday,0
SHIP1377,2026-04-20 23:00:00,Van,East,Clear,24.82,4.67,346.01,1.0,0.6540077202543142,0.6704186413902052,0.2977013082734476,0.8367980870821639,0.9202725024955006,-0.9663843737889594,13.94,Monday,1
SHIP1378,2026-04-21 06:00:00,Bike,Central,Clear,11.13,4.06,390.87,1.0,0.3431539509536785,0.5740521327014217,0.3728474630215924,-0.8350956620374063,0.411328754387717,-0.6060760421649182,35.12,Tuesday,1
SHIP1379,2026-04-21 13:00:00,Van,North,Fog,19.95,1.27,467.04,4.0,0.5434264305177111,0.13329383886255936,0.5004418144965408,0.24204844806008147,-1.916463142695423,0.0057091923380513795,23.41,Tuesday,0
SHIP1380,2026-04-21 20:00:00,Van,East,Clear,26.02,4.82,517.37,1.0,0.6812556766575839,0.6941153238546603,0.5847509087558838,0.9833483061430465,1.045422604489218,0.40995168744812677,19.88,Tuesday,1
SHIP1381,2026-04-22 03:00:00,Bike,North,Fog,19.64,5.76,522.77,1.0,0.5363873751135331,0.8426145339652447,0.5937965894433554,0.2041896414693536,1.829696576983179,0.45332362215097594,26.62,Wednesday,1
SHIP1382,2026-04-22 10:00:00,Bike,Central,Clear,8.45,2.64,283.66,4.0,0.28230018165304266,0.3497235387045814,0.19325719885421383,-1.1623911512733778,-0.773425544486139,-1.4671695828116733,33.57,Wednesday,0
SHIP1383,2026-04-22 17:00:00,Mini-Truck,Central,Clear,16.14,3.9,623.88,3.0,0.4569141689373296,0.5487756714060031,0.7631685846859975,-0.22324849745822095,0.27783531226108554,1.2654229402630313,38.65,Wednesday,1
SHIP1384,2026-04-23 00:00:00,Bike,South,Storm,28.61,2.93,341.92,3.0,0.7400658492279745,0.3955371248025277,0.2908500427157144,1.2996525289494516,-0.5314686806316189,-0.9992345984064877,11.95,Thursday,0
SHIP1385,2026-04-23 07:00:00,Bike,West,Clear,19.98,4.25,357.93,2.0,0.5441076294277929,0.6040679304897314,0.31766881082801485,0.24571220353660367,0.5698522169130924,-0.8706448438522992,17.91,Thursday,1
SHIP1386,2026-04-23 14:00:00,Van,North,Rain,22.31,2.1,526.55,1.0,0.5970140781108082,0.26441548183254354,0.6001285659245856,0.5302638788798174,-1.2239659116635209,0.4836839764429703,23.6,Thursday,0
SHIP1387,2026-04-23 21:00:00,Van,North,Fog,20.73,3.57,415.59,4.0,0.5611376021798364,0.4966429699842022,0.414256579057574,0.33730609044965537,0.002505087874907589,-0.4075289633029859,20.05,Thursday,0
SHIP1388,2026-04-24 04:00:00,Bike,East,Clear,11.16,4.68,486.99,1.0,0.3438351498637602,0.671998420221169,0.5338605792585891,-0.8314319065608842,0.9286158426284149,0.1659443955458003,43.64,Friday,1
SHIP1389,2026-04-24 11:00:00,Bike,Central,Rain,18.205,3.57,191.21,5.0,0.5038033605812896,0.4966429699842022,0.03839179523259123,0.028940004509047747,0.002505087874907589,-2.2097131686039737,10.5,Friday,0
SHIP1390,2026-04-24 18:00:00,Mini-Truck,North,Storm,20.71,4.01,484.12,1.0,0.5606834695731153,0.5661532385466034,0.5290529674858033,0.3348635867986407,0.3696120537231447,0.1428930154352118,23.38,Friday,1
SHIP1391,2026-04-25 01:00:00,Truck,Central,Clear,24.53,3.09,476.14,1.0,0.6474227974568573,0.4208135860979463,0.5156854615809838,0.8013817841424506,-0.3979752385049875,0.07879893415211205,19.41,Saturday,0
SHIP1392,2026-04-25 08:00:00,Truck,North,Fog,26.8,1.59,388.82,3.0,0.6989668483197092,0.18384676145339662,0.3694134546124595,1.0786059485326205,-1.6494762584421596,-0.6225413136724814,14.51,Saturday,0
SHIP1393,2026-04-25 15:00:00,Bike,South,Clear,11.14,3.57,201.11,4.0,0.34338101725703907,0.4966429699842022,0.054975543159622775,-0.8338744102118989,0.002505087874907589,-2.1301979549820835,18.05,Saturday,0
SHIP1394,2026-04-25 22:00:00,Van,West,Rain,21.46,2.94,424.46,1.0,0.5777134423251589,0.39711690363349134,0.429114947149773,0.4264574737116924,-0.5231253404987046,-0.33628654463367585,19.78,Saturday,0
SHIP1395,2026-04-26 05:00:00,Mini-Truck,North,Rain,27.5,2.66,445.52,3.0,0.7148614895549499,0.3528830963665087,0.4643931018309127,1.1640935763181353,-0.75673886422031,-0.16713599929256337,16.2,Sunday,0
SHIP1396,2026-04-26 12:00:00,Mini-Truck,Central,Clear,10.1,3.57,405.93,2.0,0.3197661217075386,0.4966429699842022,0.3980748613833191,-0.960884600064664,0.002505087874907589,-0.48511653538252725,40.19,Sunday,0
SHIP1397,2026-04-26 19:00:00,Truck,South,Fog,29.89,3.09,229.66,3.0,0.7691303360581289,0.4208135860979463,0.10280039197949642,1.4559727626143932,-0.3979752385049875,-1.9008889298401672,7.68,Sunday,0
SHIP1398,2026-04-27 02:00:00,Bike,North,Fog,31.11,3.71,641.37,3.0,0.7968324250681197,0.5187598736176935,0.7924665393570864,1.6049654853262907,0.11931184973571043,1.4058998176617046,20.62,Monday,1
SHIP1399,2026-04-27 09:00:00,Bike,East,Rain,39.0,4.94,373.34,3.0,0.9759877384196184,0.7130726698262243,0.3434825033083739,2.5685331756515946,1.145542686084192,-0.7468741931539831,9.57,Monday,1
SHIP1400,2026-04-27 16:00:00,Van,West,Rain,19.85,3.01,423.34,1.0,0.5411557674841053,0.4081753554502369,0.42723880597014924,0.22983592980500817,-0.4647219595683034,-0.34528220516463726,21.33,Monday,0
SHIP1401,2026-04-27 23:00:00,Mini-Truck,North,Rain,19.89,1.84,168.29125000000002,1.0,0.5420640326975477,0.22334123222748825,0.0,0.23472093710703748,-1.4408927551192974,-2.3937928960985904,8.46,Monday,0
SHIP1402,2026-04-28 06:00:00,Truck,South,Clear,24.62,2.66,641.38,2.0,0.6494663941871025,0.3528830963665087,0.7924832906176189,0.8123730505720168,-0.75673886422031,1.4059801360593023,26.05,Tuesday,0
SHIP1403,2026-04-28 13:00:00,Bike,East,Rain,24.38,4.2,394.01,5.0,0.6440168029064486,0.5961690363349131,0.37810735882875185,0.7830630067598401,0.5281355162485202,-0.5808560653191874,16.16,Tuesday,1
SHIP1404,2026-04-28 20:00:00,Van,South,Clear,27.01,4.31,461.82,5.0,0.7037352406902815,0.6135466034755133,0.49169765649865144,1.104252236868275,0.619912257710579,-0.03621701120803655,17.1,Tuesday,1
SHIP1405,2026-04-29 03:00:00,Mini-Truck,South,Clear,24.27,3.99,584.49,5.0,0.6415190735694821,0.5629936808846762,0.6971853694490511,0.7696292366792592,0.3529253734573161,0.9490487721250247,24.08,Wednesday,1
SHIP1406,2026-04-29 10:00:00,Truck,East,Rain,17.15,5.06,368.84,3.0,0.4798478655767483,0.7320300157977881,0.33594443606881413,-0.09990206308197826,1.2456627676791652,-0.7830174720730242,21.51,Wednesday,1
SHIP1407,2026-04-29 17:00:00,Van,South,Clear,27.78,3.28,467.04,5.0,0.7212193460490463,0.45082938388625593,0.5004418144965408,1.1982886274323412,-0.2394517759796124,0.0057091923380513795,16.81,Wednesday,0
SHIP1408,2026-04-30 00:00:00,Mini-Truck,East,Clear,9.43,5.96,202.64,3.0,0.3045526793823796,0.874210110584518,0.05753848602107303,-1.0427084723736568,1.9965633796414688,-2.1179092401496096,21.49,Thursday,1
SHIP1409,2026-04-30 07:00:00,Van,North,Clear,18.05,4.48,516.12,3.0,0.5002838328792006,0.6404028436018957,0.5826570011893395,0.010010601213684025,0.7617490399701259,0.39991188774839315,28.59,Thursday,1
SHIP1410,2026-04-30 14:00:00,Van,East,Clear,30.51,0.47,638.67,1.0,0.7832084468664849,0.006911532385466157,0.7879436990133506,1.5316903757958495,-2.583930353328581,1.3842138503102794,20.93,Thursday,0
SHIP1411,2026-04-30 21:00:00,Mini-Truck,East,Rain,8.0,5.66,380.35,1.0,0.27208219800181654,0.8268167456556081,0.35522513694155483,-1.2173474834212086,1.7462631756540345,-0.6905709964378764,47.54,Thursday,1
SHIP1412,2026-05-01 04:00:00,Mini-Truck,West,Clear,12.58,2.58,584.27,3.0,0.3760785649409627,0.3402448657187994,0.6968168417173393,-0.6580141473388397,-0.8234855852836259,0.9472817673778713,46.44,Friday,0
SHIP1413,2026-05-01 11:00:00,Truck,East,Rain,23.37,2.26,670.07,3.0,0.6210831062670299,0.2896919431279621,0.8405426570849457,0.6597165723835974,-1.0904724695368895,1.6364136187675893,28.67,Friday,0
SHIP1414,2026-05-01 18:00:00,Bike,East,Clear,21.15,4.13,419.42,3.0,0.5706743869209808,0.5851105845181674,0.4206723118414661,0.3885986671209641,0.4697321353181186,-0.37676701702300164,19.83,Friday,1
SHIP1415,2026-05-02 01:00:00,Truck,North,Rain,11.0,1.41,409.5,3.0,0.3402020890099909,0.15541074249605064,0.40405506139336983,-0.8509719357690019,-1.7996563808346204,-0.456442867440088,37.23,Saturday,0
SHIP1416,2026-05-02 08:00:00,Van,West,Clear,14.67,2.67,342.2,5.0,0.4235354223433242,0.3544628751974724,0.29131907801062024,-0.4027725158078023,-0.7483955240873956,-0.9969856832737476,23.33,Saturday,0
SHIP1417,2026-05-02 15:00:00,Van,Central,Clear,8.55,5.37,388.83,3.0,0.2845708446866485,0.7810031595576619,0.36943020587299186,-1.150178633018304,1.5043063117995144,-0.6224609952748836,45.48,Saturday,1
SHIP1418,2026-05-02 22:00:00,Bike,North,Rain,25.84,4.17,352.16,2.0,0.6771684831970934,0.5914296998420221,0.3080033335008459,0.9613657732839141,0.5031054958497766,-0.9169885592662695,13.63,Saturday,1
SHIP1419,2026-05-03 05:00:00,Bike,North,Fog,15.95,4.47,342.11,3.0,0.4525999091734786,0.638823064770932,0.29116831666582915,-0.24645228214286088,0.7534056998372108,-0.9977085488521282,21.45,Sunday,1
SHIP1420,2026-05-03 12:00:00,Bike,Central,Clear,32.34,2.71,593.86,4.0,0.8247615803814713,0.36078199052132703,0.7128813005678678,1.7551794598636958,-0.7150221635557377,1.024307110674228,18.36,Sunday,0
SHIP1421,2026-05-03 19:00:00,Bike,East,Clear,18.65,1.65,355.21,3.0,0.5139078110808355,0.1933254344391786,0.3131124679632142,0.08328571074412512,-1.5994162176446727,-0.8924914479989199,19.05,Sunday,0
SHIP1422,2026-05-04 02:00:00,Van,South,Clear,16.24,4.35,481.02,1.0,0.4591848319709354,0.619865718799368,0.5238600767207733,-0.21103597920314765,0.653285618242237,0.11799431217987216,29.62,Monday,1
SHIP1423,2026-05-04 09:00:00,Truck,West,Clear,15.47,4.62,454.59,3.0,0.44170072661217075,0.662519747235387,0.4795864951337588,-0.3050723697672138,0.8785558018309284,-0.0942872126712961,29.39,Monday,1
SHIP1424,2026-05-04 16:00:00,Van,South,Rain,18.205,4.56,629.77,4.0,0.5038033605812896,0.6530410742496049,0.7730350771395547,0.028940004509047747,0.828495761033441,1.312730476448176,34.59,Monday,1
SHIP1425,2026-05-04 23:00:00,Truck,Central,Clear,18.89,3.75,389.62,2.0,0.5193574023614895,0.5250789889415481,0.370753555455048,0.1125957545563019,0.1526852102673684,-0.6161158418646518,20.63,Monday,1
SHIP1426,2026-05-05 06:00:00,Truck,North,Clear,38.1,2.34,495.74,5.0,0.955551771117166,0.30233017377567145,0.5485179322243998,2.4586205113559325,-1.0237257484735736,0.2362229934439358,13.01,Tuesday,0
SHIP1427,2026-05-05 13:00:00,Mini-Truck,North,Clear,15.29,6.43,544.93,3.0,0.43761353315168017,0.9484597156398102,0.6309173827830543,-0.3270549026263464,2.3887003658884494,0.6313091912278538,35.64,Tuesday,1
SHIP1428,2026-05-05 20:00:00,Truck,West,Clear,15.55,4.08,628.77,4.0,0.4435172570390554,0.5772116903633491,0.7713599510863192,-0.29530235516315495,0.42801543465354636,1.304698636688389,40.44,Tuesday,1
SHIP1429,2026-05-06 03:00:00,Van,North,Clear,18.52,3.29,387.87,4.0,0.5109559491371479,0.45240916271721954,0.3678220848618859,0.0674094370125296,-0.2311084358466977,-0.630171561444279,20.94,Wednesday,0
SHIP1430,2026-05-06 10:00:00,Van,North,Clear,26.72,3.3,467.04,2.0,0.6971503178928246,0.45398894154818326,0.5004418144965408,1.0688359339285614,-0.22276509571378342,0.0057091923380513795,17.48,Wednesday,0
SHIP1431,2026-05-06 17:00:00,Bike,West,Clear,6.63,3.68,322.59,1.0,0.2409741144414169,0.5140205371248026,0.258469856106672,-1.3846589835157166,0.09428182933696715,-1.1544900609631692,48.66,Wednesday,1
SHIP1432,2026-05-07 00:00:00,Bike,West,Clear,21.64,3.57,718.36,3.0,0.5818006357856493,0.4966429699842022,0.9214344941956882,0.4484400065708248,0.002505087874907589,2.0242711607676993,33.2,Thursday,0
SHIP1433,2026-05-07 07:00:00,Van,Central,Fog,11.46,3.57,616.14,4.0,0.35064713896457766,0.4966429699842022,0.7502031090339547,-0.7947943517956635,0.002505087874907589,1.2032565005222804,53.76,Thursday,0
SHIP1434,2026-05-07 14:00:00,Van,North,Clear,22.43,4.53,444.94,2.0,0.5997388737511352,0.6483017377567141,0.4634215287200361,0.5449189007859058,0.8034657406346981,-0.17179446635323967,19.84,Thursday,1
SHIP1435,2026-05-07 21:00:00,Bike,North,Storm,14.05,3.68,681.77,5.0,0.4094573115349682,0.5140205371248026,0.860141631907801,-0.4784901289892583,0.09428182933696715,1.7303861439570958,48.52,Thursday,1
SHIP1436,2026-05-08 04:00:00,Van,Central,Clear,-0.43,3.37,437.78,4.0,0.08066530426884652,0.46504739336492895,0.45142762617886995,-2.2468627723239094,-0.16436171478338182,-0.22930243903331418,-1018.09,Friday,0
SHIP1437,2026-05-08 11:00:00,Bike,East,Fog,20.96,4.27,536.93,2.0,0.5663601271571298,0.6072274881516586,0.6175163743571703,0.36539488243632456,0.586538897178921,0.5670544731495585,25.62,Friday,1
SHIP1438,2026-05-08 18:00:00,Bike,East,Rain,20.89,4.22,451.22,1.0,0.5647706630336058,0.5993285939968404,0.47394132033435515,0.3568461196577731,0.5448221965143488,-0.12135451266177759,21.6,Friday,1
SHIP1439,2026-05-09 01:00:00,Van,East,Rain,13.37,3.3,497.74,1.0,0.3940168029064486,0.45398894154818326,0.5518681843308708,-0.5615352531237587,-0.22276509571378342,0.25228667296350965,37.23,Saturday,0
SHIP1440,2026-05-09 08:00:00,Van,Central,Rain,12.89,2.6,485.01,4.0,0.38311762034514074,0.34340442338072674,0.5305438296731828,-0.6201553407481116,-0.8067989050177969,0.15004135282142203,37.63,Saturday,0
SHIP1441,2026-05-09 15:00:00,Mini-Truck,North,Clear,7.51,3.91,399.0,4.0,0.26095594913714804,0.5503554502369669,0.386466237834397,-1.277188822871069,0.2861786523940002,-0.5407771849178507,53.13,Saturday,1
SHIP1442,2026-05-09 22:00:00,Truck,Central,Clear,24.18,3.59,581.1,3.0,0.6394754768392369,0.49980252764612954,0.6915066921285826,0.758637970249693,0.019191768140736566,0.9218208353393471,24.03,Saturday,1
SHIP1443,2026-05-10 05:00:00,Truck,Central,Clear,25.06,2.83,535.91,2.0,0.659457311534968,0.37973933649289104,0.6158077457828701,0.8661081308943402,-0.6149020819607638,0.5588619965945759,21.39,Sunday,0
SHIP1444,2026-05-10 12:00:00,Bike,East,Clear,10.97,2.49,467.04,4.0,0.33952089009990916,0.32602685624012645,0.5004418144965408,-0.854635691245524,-0.8985756464798561,0.0057091923380513795,42.57,Sunday,0
SHIP1445,2026-05-10 19:00:00,Mini-Truck,South,Clear,13.68,3.99,488.43,3.0,0.4010558583106266,0.5629936808846762,0.5362727607752482,-0.5236764465330306,0.3529253734573161,0.1775102447998934,35.7,Sunday,1
SHIP1446,2026-05-11 02:00:00,Mini-Truck,North,Clear,17.49,4.16,341.21,3.0,0.4875681198910081,0.5898499210110584,0.2896607032179171,-0.05837950101472818,0.4947621557168622,-1.0049372046359366,19.51,Monday,1
SHIP1447,2026-05-11 09:00:00,Bike,East,Rain,36.17,3.07,655.13,4.0,0.9117279745685739,0.41765402843601895,0.8155162738496071,2.222918909033013,-0.4146619187708165,1.5164179327563723,18.11,Monday,0
SHIP1448,2026-05-11 16:00:00,Truck,South,Clear,22.36,3.57,418.49,1.0,0.5981494096276111,0.4966429699842022,0.41911444461195707,0.5363701380073542,0.002505087874907589,-0.3842366279996035,18.72,Monday,0
SHIP1449,2026-05-11 23:00:00,Van,South,Rain,10.45,2.5,493.69,2.0,0.32771344232515887,0.3276066350710901,0.5450839238152672,-0.9181407861719066,-0.8902323063469417,0.21975772193637252,47.24,Monday,0
SHIP1450,2026-05-12 06:00:00,Bike,West,Rain,20.43,3.96,526.25,3.0,0.554325613079019,0.5582543443917851,0.5996260281086152,0.3006685356844346,0.3278953530585725,0.48127442451503455,25.76,Tuesday,1
SHIP1451,2026-05-12 13:00:00,Truck,North,Storm,6.99,2.54,492.89,1.0,0.24914850136239783,0.33392575039494476,0.5437438229726785,-1.3406939177974515,-0.8568589458152839,0.2133322501285429,70.51,Tuesday,0
SHIP1452,2026-05-12 20:00:00,Truck,South,Clear,23.74,6.19,559.85,4.0,0.6294845594913713,0.9105450236966823,0.6559102634973282,0.7049028899273693,2.188460202698502,0.7511442404438752,23.58,Tuesday,1
SHIP1453,2026-05-13 03:00:00,Mini-Truck,East,Clear,31.4,3.01,578.81,2.0,0.8034173478655766,0.4081753554502369,0.6876706534666732,1.640381788266004,-0.4647219595683034,0.9034279222894345,18.43,Wednesday,0
SHIP1454,2026-05-13 10:00:00,Van,West,Clear,31.44,0.59,423.02,4.0,0.804325613079019,0.02586887835703014,0.4267027656331139,1.6452667955680336,-2.4838102717336077,-0.347852393887769,13.45,Wednesday,0
SHIP1455,2026-05-13 17:00:00,Truck,North,Clear,23.88,3.46,645.06,4.0,0.6326634877384195,0.47926540284360186,0.7986477544935255,0.7220004154844722,-0.0892716535871516,1.4355373063753176,27.01,Wednesday,0
SHIP1456,2026-05-14 00:00:00,Van,Central,Fog,13.33,3.41,417.97,3.0,0.39310853769300635,0.4713665086887836,0.4182433790642746,-0.566420260425788,-0.13098835425172387,-0.3884131846746926,31.36,Thursday,0
SHIP1457,2026-05-14 07:00:00,Truck,East,Clear,7.59,4.83,490.41,1.0,0.2627724795640327,0.695695102685624,0.5395895103606547,-1.2674188082670104,1.0537659446221324,0.19341328752427167,64.61,Thursday,1
SHIP1458,2026-05-14 14:00:00,Van,South,Rain,6.8,3.85,403.48,4.0,0.24483424159854678,0.5408767772511848,0.39397080255289213,-1.3638977024820913,0.23611861159651326,-0.504794542794005,59.34,Thursday,1
SHIP1459,2026-05-14 21:00:00,Van,South,Clear,-3.9825000000000017,2.5,369.18,5.0,0.0,0.3276066350710901,0.3365139789269142,-2.680712483335398,-0.8902323063469417,-0.7802866465546964,-92.7,Thursday,0
SHIP1460,2026-05-15 04:00:00,Van,East,Rain,23.55,3.16,575.3,3.0,0.6251702997275204,0.431872037914692,0.6817909610198167,0.6816991052427297,-0.3395718575745859,0.8752361647325825,24.43,Friday,0
SHIP1461,2026-05-15 11:00:00,Bike,South,Rain,17.18,3.89,765.26125,2.0,0.4805290644868301,0.5471958925750395,1.0,-0.09623830760545606,0.2694919721281712,2.4009744853014054,44.54,Friday,1
SHIP1462,2026-05-15 18:00:00,Bike,West,Clear,25.27,0.9,406.59,3.0,0.6642257039055403,0.07484202211690376,0.3991804445784544,0.8917544192299948,-2.2251667276132587,-0.4798155211410681,16.09,Friday,0
SHIP1463,2026-05-16 01:00:00,Truck,North,Clear,29.42,5.11,595.84,2.0,0.7584582198001816,0.7399289099526066,0.7161980501532741,1.3985739268155477,1.287379468343738,1.0402101533986063,20.25,Saturday,1
SHIP1464,2026-05-16 08:00:00,Mini-Truck,West,Clear,18.8,2.5,410.89,2.0,0.5173138056312443,0.3276066350710901,0.4063834866073672,0.10160448812673571,-0.8902323063469417,-0.4452786101739843,21.86,Saturday,0
SHIP1465,2026-05-16 15:00:00,Truck,South,Clear,19.17,5.2,448.74,3.0,0.5257152588555858,0.7541469194312795,0.4697870077223311,0.146790805670508,1.3624695295399682,-0.1412734752660493,23.41,Saturday,1
SHIP1466,2026-05-16 22:00:00,Van,Central,Clear,14.29,3.97,660.91,2.0,0.41490690281562215,0.5598341232227488,0.8251985024373083,-0.44918008517708197,0.33623869319148714,1.5628419665679405,46.25,Saturday,1
SHIP1467,2026-05-17 05:00:00,Mini-Truck,North,Clear,15.23,4.26,321.18,4.0,0.4362511353315167,0.605647709320695,0.25610792837160995,-0.33438241357939036,0.5781955570460068,-1.1658149550244685,21.09,Sunday,1
SHIP1468,2026-05-17 12:00:00,Van,North,Clear,23.83,4.88,467.04,2.0,0.6315281562216165,0.7035939968404422,0.5004418144965408,0.7158941563569354,1.0954826452867046,0.0057091923380513795,19.6,Sunday,1
SHIP1469,2026-05-17 19:00:00,Mini-Truck,East,Clear,16.6,4.19,439.54,3.0,0.46735921889191645,0.5945892575039494,0.4543758480325644,-0.16707091348488248,0.5197921761156059,-0.21516640105608884,26.48,Sunday,1
SHIP1470,2026-05-18 02:00:00,Van,East,Clear,15.45,4.31,529.64,3.0,0.4412465940054495,0.6135466034755133,0.6053047054290834,-0.30751487341822864,0.619912257710579,0.5085023613007121,34.28,Monday,1
SHIP1471,2026-05-18 09:00:00,Mini-Truck,Central,Rain,17.85,3.3,505.64,5.0,0.49574250681198906,0.45398894154818326,0.5651016801514313,-0.014414435296463005,-0.22276509571378342,0.3157382070658261,28.33,Monday,0
SHIP1472,2026-05-18 16:00:00,Van,North,Clear,25.09,3.95,493.28,3.0,0.6601385104450498,0.5566745655608215,0.5443971221334405,0.8697718863708624,0.31955201292565816,0.2164646676348597,19.66,Monday,1
SHIP1473,2026-05-18 23:00:00,Mini-Truck,Central,Rain,12.46,2.8,454.1,3.0,0.3733537693006358,0.375,0.4787656833676734,-0.6726691692449279,-0.6399321023595075,-0.09822281415359131,36.44,Monday,0
SHIP1474,2026-05-19 06:00:00,Truck,East,Clear,17.47,3.09,544.38,3.0,0.4871139872842869,0.4208135860979463,0.6299960634537749,-0.06082200466574284,-0.3979752385049875,0.6268916793599714,31.16,Tuesday,0
SHIP1475,2026-05-19 13:00:00,Mini-Truck,East,Clear,19.96,5.86,168.29125000000002,1.0,0.5436534968210717,0.8584123222748814,0.0,0.243269699885589,1.9131299783123241,-2.3937928960985904,8.43,Tuesday,1
SHIP1476,2026-05-19 20:00:00,Van,North,Fog,18.205,2.53,359.9,3.0,0.5038033605812896,0.33234597156398105,0.32096880915288867,0.028940004509047747,-0.8652022859481985,-0.8548221195255192,19.77,Tuesday,0
SHIP1477,2026-05-20 03:00:00,Truck,West,Clear,16.09,3.69,438.77,4.0,0.4557788374205267,0.5156003159557662,0.4530860009715731,-0.22935475658575782,0.10262516946988146,-0.22135091767112508,27.27,Wednesday,1
SHIP1478,2026-05-20 10:00:00,Mini-Truck,South,Clear,12.26,3.64,534.54,1.0,0.3688124432334241,0.5077014218009479,0.6135128230899374,-0.6970942057550751,0.060908468805309195,0.5478583761236678,43.6,Wednesday,1
SHIP1479,2026-05-20 17:00:00,Truck,East,Clear,14.13,3.13,628.77,5.0,0.4112738419618528,0.42713270142180093,0.7713599510863192,-0.46872011438519945,-0.36460187797332955,1.304698636688389,44.5,Wednesday,0
SHIP1480,2026-05-21 00:00:00,Bike,East,Clear,26.42,4.12,343.79,4.0,0.6903383287920072,0.5835308056872037,0.2939825284352648,1.032198379163341,0.46138879518520426,-0.9842150580556861,13.01,Thursday,1
SHIP1481,2026-05-21 07:00:00,Bike,West,Clear,34.27,4.21,624.85,2.0,0.8685853769300634,0.5977488151658767,0.764793456957636,1.9908810621866155,0.5364788563814344,1.2732138248300247,18.23,Thursday,1
SHIP1482,2026-05-21 14:00:00,Truck,West,Clear,7.49,2.39,467.04,2.0,0.26050181653042687,0.3102290679304898,0.5004418144965408,-1.2796313265220838,-0.982009047809001,0.0057091923380513795,62.36,Thursday,0
SHIP1483,2026-05-21 21:00:00,Bike,Central,Fog,9.24,3.62,434.41,2.0,0.3002384196185286,0.5045418641390206,0.4457824513794663,-1.0659122570582966,0.044221788539480215,-0.2563697390237957,47.01,Thursday,1
SHIP1484,2026-05-22 04:00:00,Truck,Central,Clear,16.65,2.2,519.77,4.0,0.46849455040871923,0.28021327014218017,0.588771211283649,-0.16096465435734605,-1.140532510334376,0.42922810287161517,31.22,Friday,0
SHIP1485,2026-05-22 11:00:00,Mini-Truck,South,Clear,18.89,4.45,425.61,4.0,0.5193574023614895,0.6356635071090047,0.4310413421109938,0.1125957545563019,0.7367190195713822,-0.32704992890992063,22.53,Friday,1
SHIP1486,2026-05-22 18:00:00,Van,South,Clear,24.3,3.71,583.21,4.0,0.6422002724795639,0.5187598736176935,0.6950412081009096,0.7732929921557814,0.11931184973571043,0.9387680172324976,24.0,Friday,1
SHIP1487,2026-05-23 01:00:00,Van,North,Rain,10.87,3.6,401.45,1.0,0.3372502270663033,0.5013823064770933,0.39057029666482396,-0.8668482095005976,0.02753510827365124,-0.5210991775063728,36.93,Saturday,1
SHIP1488,2026-05-23 08:00:00,Mini-Truck,Central,Clear,9.5,4.29,403.26,1.0,0.30614214350590374,0.610387045813586,0.3936022748211802,-1.0341597095951054,0.6032255774447504,-0.5065615475411585,42.45,Saturday,1
SHIP1489,2026-05-23 15:00:00,Mini-Truck,East,Clear,19.1,3.17,576.24,2.0,0.5241257947320618,0.4334518167456556,0.6833655795098581,0.13824204289195646,-0.3312285174416716,0.8827860941067827,30.17,Saturday,0
SHIP1490,2026-05-23 22:00:00,Truck,Central,Clear,15.93,4.6,358.43,3.0,0.4521457765667575,0.6593601895734595,0.3185063738546326,-0.24889478579387553,0.861869121565099,-0.8666289239724058,22.5,Saturday,1
SHIP1491,2026-05-24 05:00:00,Bike,East,Fog,25.41,2.36,479.87,2.0,0.6674046321525884,0.3054897314375988,0.5219336817595523,0.9088519447870979,-1.0070390682077446,0.1087576964561174,18.89,Sunday,0
SHIP1492,2026-05-24 12:00:00,Van,West,Clear,21.9,5.19,250.74,5.0,0.5877043596730244,0.7525671406003159,0.13811204918170095,0.4801925540340158,1.354126189407054,-1.7315777477038587,11.45,Sunday,1
SHIP1493,2026-05-24 19:00:00,Van,Central,Clear,22.44,2.84,668.36,1.0,0.5999659400544959,0.38131911532385465,0.8376781915339129,0.5461401526114134,-0.6065587418278495,1.6226791727783534,29.78,Sunday,0
SHIP1494,2026-05-25 02:00:00,Truck,West,Clear,40.057500000000005,1.46,594.79,4.0,0.9999999999999999,0.16330963665086895,0.7144391677973767,2.697680556198998,-1.7579396801700478,1.0317767216508296,14.85,Monday,0
SHIP1495,2026-05-25 09:00:00,Truck,South,Rain,36.84,3.11,765.26125,1.0,0.9269414168937329,0.4239731437598736,1.0,2.304742781342006,-0.3812885582391585,2.4009744853014054,20.77,Monday,0
SHIP1496,2026-05-25 16:00:00,Truck,South,Clear,11.3,2.97,610.6,4.0,0.3470140781108083,0.4018562401263823,0.74092291069903,-0.8143343810037812,-0.498095320099961,1.1587601082530612,54.04,Monday,0
SHIP1497,2026-05-25 23:00:00,Van,North,Clear,22.89,3.1,314.44,5.0,0.6101839237057219,0.42239336492891,0.24481757877280258,0.6010964847592443,-0.38963189837207285,-1.2199495550054322,13.74,Monday,0
SHIP1498,2026-05-26 06:00:00,Mini-Truck,Central,Rain,7.84,3.57,530.24,5.0,0.2684491371480472,0.4966429699842022,0.6063097810610247,-1.2368875126293264,0.002505087874907589,0.5133214651565844,67.63,Tuesday,0
SHIP1499,2026-05-26 13:00:00,Mini-Truck,West,Rain,9.41,3.57,339.84,1.0,0.3040985467756585,0.4966429699842022,0.28736578052498446,-1.0451509760246716,0.002505087874907589,-1.015940825106845,36.11,Tuesday,0
